TYPE,DATE,START TIME,END TIME,USAGE,UNITS,NOTES
Electric usage,2016-01-01,12:00:00 AM,12:59:00 AM,1.91,kWh,
Electric usage,2016-01-01,01:00:00 AM,01:59:00 AM,2,kWh,
Electric usage,2016-01-01,02:00:00 AM,02:59:00 AM,1.66,kWh,
Electric usage,2016-01-01,03:00:00 AM,03:59:00 AM,1.51,kWh,
Electric usage,2016-01-01,04:00:00 AM,04:59:00 AM,1.51,kWh,
Electric usage,2016-01-01,05:00:00 AM,05:59:00 AM,1.54,kWh,
Electric usage,2016-01-01,06:00:00 AM,06:59:00 AM,1.65,kWh,
Electric usage,2016-01-01,07:00:00 AM,07:59:00 AM,1.94,kWh,
Electric usage,2016-01-01,08:00:00 AM,08:59:00 AM,1.83,kWh,
Electric usage,2016-01-01,09:00:00 AM,09:59:00 AM,1.61,kWh,
Electric usage,2016-01-01,10:00:00 AM,10:59:00 AM,0.01,kWh,
Electric usage,2016-01-01,11:00:00 AM,11:59:00 AM,-1.34,kWh,
Electric usage,2016-01-01,12:00:00 PM,12:59:00 PM,-2.21,kWh,
Electric usage,2016-01-01,01:00:00 PM,01:59:00 PM,-1.69,kWh,
Electric usage,2016-01-01,02:00:00 PM,02:59:00 PM,-0.87,kWh,
Electric usage,2016-01-01,03:00:00 PM,03:59:00 PM,0.91,kWh,
Electric usage,2016-01-01,04:00:00 PM,04:59:00 PM,2.08,kWh,
Electric usage,2016-01-01,05:00:00 PM,05:59:00 PM,2.17,kWh,
Electric usage,2016-01-01,06:00:00 PM,06:59:00 PM,2.14,kWh,
Electric usage,2016-01-01,07:00:00 PM,07:59:00 PM,2,kWh,
Electric usage,2016-01-01,08:00:00 PM,08:59:00 PM,2.04,kWh,
Electric usage,2016-01-01,09:00:00 PM,09:59:00 PM,2.03,kWh,
Electric usage,2016-01-01,10:00:00 PM,10:59:00 PM,1.93,kWh,
Electric usage,2016-01-01,11:00:00 PM,11:59:00 PM,1.69,kWh,
Electric usage,2016-01-02,12:00:00 AM,12:59:00 AM,1.55,kWh,
Electric usage,2016-01-02,01:00:00 AM,01:59:00 AM,1.53,kWh,
Electric usage,2016-01-02,02:00:00 AM,02:59:00 AM,1.49,kWh,
Electric usage,2016-01-02,03:00:00 AM,03:59:00 AM,1.55,kWh,
Electric usage,2016-01-02,04:00:00 AM,04:59:00 AM,1.49,kWh,
Electric usage,2016-01-02,05:00:00 AM,05:59:00 AM,1.63,kWh,
Electric usage,2016-01-02,06:00:00 AM,06:59:00 AM,1.9,kWh,
Electric usage,2016-01-02,07:00:00 AM,07:59:00 AM,1.92,kWh,
Electric usage,2016-01-02,08:00:00 AM,08:59:00 AM,1.81,kWh,
Electric usage,2016-01-02,09:00:00 AM,09:59:00 AM,1.38,kWh,
Electric usage,2016-01-02,10:00:00 AM,10:59:00 AM,-0.06,kWh,
Electric usage,2016-01-02,11:00:00 AM,11:59:00 AM,-0.18,kWh,
Electric usage,2016-01-02,12:00:00 PM,12:59:00 PM,-0.2,kWh,
Electric usage,2016-01-02,01:00:00 PM,01:59:00 PM,0.42,kWh,
Electric usage,2016-01-02,02:00:00 PM,02:59:00 PM,1.34,kWh,
Electric usage,2016-01-02,03:00:00 PM,03:59:00 PM,1.91,kWh,
Electric usage,2016-01-02,04:00:00 PM,04:59:00 PM,2.53,kWh,
Electric usage,2016-01-02,05:00:00 PM,05:59:00 PM,2.86,kWh,
Electric usage,2016-01-02,06:00:00 PM,06:59:00 PM,2.8,kWh,
Electric usage,2016-01-02,07:00:00 PM,07:59:00 PM,2.77,kWh,
Electric usage,2016-01-02,08:00:00 PM,08:59:00 PM,2.56,kWh,
Electric usage,2016-01-02,09:00:00 PM,09:59:00 PM,2.5,kWh,
Electric usage,2016-01-02,10:00:00 PM,10:59:00 PM,2.38,kWh,
Electric usage,2016-01-02,11:00:00 PM,11:59:00 PM,2.32,kWh,
Electric usage,2016-01-03,12:00:00 AM,12:59:00 AM,2.17,kWh,
Electric usage,2016-01-03,01:00:00 AM,01:59:00 AM,2.1,kWh,
Electric usage,2016-01-03,02:00:00 AM,02:59:00 AM,2.04,kWh,
Electric usage,2016-01-03,03:00:00 AM,03:59:00 AM,2.07,kWh,
Electric usage,2016-01-03,04:00:00 AM,04:59:00 AM,2.07,kWh,
Electric usage,2016-01-03,05:00:00 AM,05:59:00 AM,2.06,kWh,
Electric usage,2016-01-03,06:00:00 AM,06:59:00 AM,2.13,kWh,
Electric usage,2016-01-03,07:00:00 AM,07:59:00 AM,2.37,kWh,
Electric usage,2016-01-03,08:00:00 AM,08:59:00 AM,2.65,kWh,
Electric usage,2016-01-03,09:00:00 AM,09:59:00 AM,2.74,kWh,
Electric usage,2016-01-03,10:00:00 AM,10:59:00 AM,1.89,kWh,
Electric usage,2016-01-03,11:00:00 AM,11:59:00 AM,1.97,kWh,
Electric usage,2016-01-03,12:00:00 PM,12:59:00 PM,1.34,kWh,
Electric usage,2016-01-03,01:00:00 PM,01:59:00 PM,1.08,kWh,
Electric usage,2016-01-03,02:00:00 PM,02:59:00 PM,0.91,kWh,
Electric usage,2016-01-03,03:00:00 PM,03:59:00 PM,1.63,kWh,
Electric usage,2016-01-03,04:00:00 PM,04:59:00 PM,2.65,kWh,
Electric usage,2016-01-03,05:00:00 PM,05:59:00 PM,2.68,kWh,
Electric usage,2016-01-03,06:00:00 PM,06:59:00 PM,2.29,kWh,
Electric usage,2016-01-03,07:00:00 PM,07:59:00 PM,2.62,kWh,
Electric usage,2016-01-03,08:00:00 PM,08:59:00 PM,2.89,kWh,
Electric usage,2016-01-03,09:00:00 PM,09:59:00 PM,2.03,kWh,
Electric usage,2016-01-03,10:00:00 PM,10:59:00 PM,1.91,kWh,
Electric usage,2016-01-03,11:00:00 PM,11:59:00 PM,1.52,kWh,
Electric usage,2016-01-04,12:00:00 AM,12:59:00 AM,1.48,kWh,
Electric usage,2016-01-04,01:00:00 AM,01:59:00 AM,1.45,kWh,
Electric usage,2016-01-04,02:00:00 AM,02:59:00 AM,1.48,kWh,
Electric usage,2016-01-04,03:00:00 AM,03:59:00 AM,1.39,kWh,
Electric usage,2016-01-04,04:00:00 AM,04:59:00 AM,1.44,kWh,
Electric usage,2016-01-04,05:00:00 AM,05:59:00 AM,1.77,kWh,
Electric usage,2016-01-04,06:00:00 AM,06:59:00 AM,1.62,kWh,
Electric usage,2016-01-04,07:00:00 AM,07:59:00 AM,1.18,kWh,
Electric usage,2016-01-04,08:00:00 AM,08:59:00 AM,0.95,kWh,
Electric usage,2016-01-04,09:00:00 AM,09:59:00 AM,0,kWh,
Electric usage,2016-01-04,10:00:00 AM,10:59:00 AM,-0.18,kWh,
Electric usage,2016-01-04,11:00:00 AM,11:59:00 AM,-0.19,kWh,
Electric usage,2016-01-04,12:00:00 PM,12:59:00 PM,0.16,kWh,
Electric usage,2016-01-04,01:00:00 PM,01:59:00 PM,0.43,kWh,
Electric usage,2016-01-04,02:00:00 PM,02:59:00 PM,0.68,kWh,
Electric usage,2016-01-04,03:00:00 PM,03:59:00 PM,1,kWh,
Electric usage,2016-01-04,04:00:00 PM,04:59:00 PM,2.58,kWh,
Electric usage,2016-01-04,05:00:00 PM,05:59:00 PM,2.51,kWh,
Electric usage,2016-01-04,06:00:00 PM,06:59:00 PM,2.62,kWh,
Electric usage,2016-01-04,07:00:00 PM,07:59:00 PM,2.43,kWh,
Electric usage,2016-01-04,08:00:00 PM,08:59:00 PM,2.54,kWh,
Electric usage,2016-01-04,09:00:00 PM,09:59:00 PM,2.59,kWh,
Electric usage,2016-01-04,10:00:00 PM,10:59:00 PM,2.49,kWh,
Electric usage,2016-01-04,11:00:00 PM,11:59:00 PM,2.39,kWh,
Electric usage,2016-01-05,12:00:00 AM,12:59:00 AM,2.25,kWh,
Electric usage,2016-01-05,01:00:00 AM,01:59:00 AM,2.15,kWh,
Electric usage,2016-01-05,02:00:00 AM,02:59:00 AM,2.04,kWh,
Electric usage,2016-01-05,03:00:00 AM,03:59:00 AM,1.98,kWh,
Electric usage,2016-01-05,04:00:00 AM,04:59:00 AM,2.3,kWh,
Electric usage,2016-01-05,05:00:00 AM,05:59:00 AM,3.17,kWh,
Electric usage,2016-01-05,06:00:00 AM,06:59:00 AM,2.03,kWh,
Electric usage,2016-01-05,07:00:00 AM,07:59:00 AM,1.67,kWh,
Electric usage,2016-01-05,08:00:00 AM,08:59:00 AM,1.62,kWh,
Electric usage,2016-01-05,09:00:00 AM,09:59:00 AM,1.43,kWh,
Electric usage,2016-01-05,10:00:00 AM,10:59:00 AM,1.45,kWh,
Electric usage,2016-01-05,11:00:00 AM,11:59:00 AM,1.34,kWh,
Electric usage,2016-01-05,12:00:00 PM,12:59:00 PM,1.17,kWh,
Electric usage,2016-01-05,01:00:00 PM,01:59:00 PM,1.1,kWh,
Electric usage,2016-01-05,02:00:00 PM,02:59:00 PM,0.95,kWh,
Electric usage,2016-01-05,03:00:00 PM,03:59:00 PM,2.06,kWh,
Electric usage,2016-01-05,04:00:00 PM,04:59:00 PM,2.98,kWh,
Electric usage,2016-01-05,05:00:00 PM,05:59:00 PM,1.86,kWh,
Electric usage,2016-01-05,06:00:00 PM,06:59:00 PM,2.77,kWh,
Electric usage,2016-01-05,07:00:00 PM,07:59:00 PM,3.26,kWh,
Electric usage,2016-01-05,08:00:00 PM,08:59:00 PM,2.43,kWh,
Electric usage,2016-01-05,09:00:00 PM,09:59:00 PM,2.1,kWh,
Electric usage,2016-01-05,10:00:00 PM,10:59:00 PM,2.02,kWh,
Electric usage,2016-01-05,11:00:00 PM,11:59:00 PM,1.9,kWh,
Electric usage,2016-01-06,12:00:00 AM,12:59:00 AM,1.87,kWh,
Electric usage,2016-01-06,01:00:00 AM,01:59:00 AM,1.73,kWh,
Electric usage,2016-01-06,02:00:00 AM,02:59:00 AM,1.69,kWh,
Electric usage,2016-01-06,03:00:00 AM,03:59:00 AM,1.79,kWh,
Electric usage,2016-01-06,04:00:00 AM,04:59:00 AM,2.02,kWh,
Electric usage,2016-01-06,05:00:00 AM,05:59:00 AM,2.28,kWh,
Electric usage,2016-01-06,06:00:00 AM,06:59:00 AM,2.15,kWh,
Electric usage,2016-01-06,07:00:00 AM,07:59:00 AM,1.08,kWh,
Electric usage,2016-01-06,08:00:00 AM,08:59:00 AM,1.02,kWh,
Electric usage,2016-01-06,09:00:00 AM,09:59:00 AM,0.55,kWh,
Electric usage,2016-01-06,10:00:00 AM,10:59:00 AM,0.32,kWh,
Electric usage,2016-01-06,11:00:00 AM,11:59:00 AM,0.71,kWh,
Electric usage,2016-01-06,12:00:00 PM,12:59:00 PM,0.05,kWh,
Electric usage,2016-01-06,01:00:00 PM,01:59:00 PM,0.73,kWh,
Electric usage,2016-01-06,02:00:00 PM,02:59:00 PM,0.91,kWh,
Electric usage,2016-01-06,03:00:00 PM,03:59:00 PM,0.86,kWh,
Electric usage,2016-01-06,04:00:00 PM,04:59:00 PM,3.17,kWh,
Electric usage,2016-01-06,05:00:00 PM,05:59:00 PM,3.42,kWh,
Electric usage,2016-01-06,06:00:00 PM,06:59:00 PM,3.52,kWh,
Electric usage,2016-01-06,07:00:00 PM,07:59:00 PM,3.39,kWh,
Electric usage,2016-01-06,08:00:00 PM,08:59:00 PM,3.29,kWh,
Electric usage,2016-01-06,09:00:00 PM,09:59:00 PM,3.31,kWh,
Electric usage,2016-01-06,10:00:00 PM,10:59:00 PM,3.35,kWh,
Electric usage,2016-01-06,11:00:00 PM,11:59:00 PM,3.24,kWh,
Electric usage,2016-01-07,12:00:00 AM,12:59:00 AM,2.91,kWh,
Electric usage,2016-01-07,01:00:00 AM,01:59:00 AM,2.77,kWh,
Electric usage,2016-01-07,02:00:00 AM,02:59:00 AM,2.76,kWh,
Electric usage,2016-01-07,03:00:00 AM,03:59:00 AM,2.91,kWh,
Electric usage,2016-01-07,04:00:00 AM,04:59:00 AM,2.94,kWh,
Electric usage,2016-01-07,05:00:00 AM,05:59:00 AM,3.17,kWh,
Electric usage,2016-01-07,06:00:00 AM,06:59:00 AM,2.59,kWh,
Electric usage,2016-01-07,07:00:00 AM,07:59:00 AM,1.79,kWh,
Electric usage,2016-01-07,08:00:00 AM,08:59:00 AM,1.67,kWh,
Electric usage,2016-01-07,09:00:00 AM,09:59:00 AM,1.31,kWh,
Electric usage,2016-01-07,10:00:00 AM,10:59:00 AM,0.5,kWh,
Electric usage,2016-01-07,11:00:00 AM,11:59:00 AM,-1.36,kWh,
Electric usage,2016-01-07,12:00:00 PM,12:59:00 PM,-0.35,kWh,
Electric usage,2016-01-07,01:00:00 PM,01:59:00 PM,0.43,kWh,
Electric usage,2016-01-07,02:00:00 PM,02:59:00 PM,0.64,kWh,
Electric usage,2016-01-07,03:00:00 PM,03:59:00 PM,1.61,kWh,
Electric usage,2016-01-07,04:00:00 PM,04:59:00 PM,3.01,kWh,
Electric usage,2016-01-07,05:00:00 PM,05:59:00 PM,2.02,kWh,
Electric usage,2016-01-07,06:00:00 PM,06:59:00 PM,1.39,kWh,
Electric usage,2016-01-07,07:00:00 PM,07:59:00 PM,2.72,kWh,
Electric usage,2016-01-07,08:00:00 PM,08:59:00 PM,2.81,kWh,
Electric usage,2016-01-07,09:00:00 PM,09:59:00 PM,2.76,kWh,
Electric usage,2016-01-07,10:00:00 PM,10:59:00 PM,2.65,kWh,
Electric usage,2016-01-07,11:00:00 PM,11:59:00 PM,2.27,kWh,
Electric usage,2016-01-08,12:00:00 AM,12:59:00 AM,2.06,kWh,
Electric usage,2016-01-08,01:00:00 AM,01:59:00 AM,2.04,kWh,
Electric usage,2016-01-08,02:00:00 AM,02:59:00 AM,2.13,kWh,
Electric usage,2016-01-08,03:00:00 AM,03:59:00 AM,2.13,kWh,
Electric usage,2016-01-08,04:00:00 AM,04:59:00 AM,2.06,kWh,
Electric usage,2016-01-08,05:00:00 AM,05:59:00 AM,2.35,kWh,
Electric usage,2016-01-08,06:00:00 AM,06:59:00 AM,2.16,kWh,
Electric usage,2016-01-08,07:00:00 AM,07:59:00 AM,1.19,kWh,
Electric usage,2016-01-08,08:00:00 AM,08:59:00 AM,0.68,kWh,
Electric usage,2016-01-08,09:00:00 AM,09:59:00 AM,-0.22,kWh,
Electric usage,2016-01-08,10:00:00 AM,10:59:00 AM,-0.95,kWh,
Electric usage,2016-01-08,11:00:00 AM,11:59:00 AM,-0.66,kWh,
Electric usage,2016-01-08,12:00:00 PM,12:59:00 PM,-0.14,kWh,
Electric usage,2016-01-08,01:00:00 PM,01:59:00 PM,-0.81,kWh,
Electric usage,2016-01-08,02:00:00 PM,02:59:00 PM,0.14,kWh,
Electric usage,2016-01-08,03:00:00 PM,03:59:00 PM,1.41,kWh,
Electric usage,2016-01-08,04:00:00 PM,04:59:00 PM,1.93,kWh,
Electric usage,2016-01-08,05:00:00 PM,05:59:00 PM,1.19,kWh,
Electric usage,2016-01-08,06:00:00 PM,06:59:00 PM,1.68,kWh,
Electric usage,2016-01-08,07:00:00 PM,07:59:00 PM,1.7,kWh,
Electric usage,2016-01-08,08:00:00 PM,08:59:00 PM,2.79,kWh,
Electric usage,2016-01-08,09:00:00 PM,09:59:00 PM,2.55,kWh,
Electric usage,2016-01-08,10:00:00 PM,10:59:00 PM,2.43,kWh,
Electric usage,2016-01-08,11:00:00 PM,11:59:00 PM,2.24,kWh,
Electric usage,2016-01-09,12:00:00 AM,12:59:00 AM,2.12,kWh,
Electric usage,2016-01-09,01:00:00 AM,01:59:00 AM,2.09,kWh,
Electric usage,2016-01-09,02:00:00 AM,02:59:00 AM,2.07,kWh,
Electric usage,2016-01-09,03:00:00 AM,03:59:00 AM,2.11,kWh,
Electric usage,2016-01-09,04:00:00 AM,04:59:00 AM,2.21,kWh,
Electric usage,2016-01-09,05:00:00 AM,05:59:00 AM,2.15,kWh,
Electric usage,2016-01-09,06:00:00 AM,06:59:00 AM,2.12,kWh,
Electric usage,2016-01-09,07:00:00 AM,07:59:00 AM,2.24,kWh,
Electric usage,2016-01-09,08:00:00 AM,08:59:00 AM,2.55,kWh,
Electric usage,2016-01-09,09:00:00 AM,09:59:00 AM,2,kWh,
Electric usage,2016-01-09,10:00:00 AM,10:59:00 AM,1.72,kWh,
Electric usage,2016-01-09,11:00:00 AM,11:59:00 AM,2.16,kWh,
Electric usage,2016-01-09,12:00:00 PM,12:59:00 PM,4.12,kWh,
Electric usage,2016-01-09,01:00:00 PM,01:59:00 PM,5.08,kWh,
Electric usage,2016-01-09,02:00:00 PM,02:59:00 PM,3,kWh,
Electric usage,2016-01-09,03:00:00 PM,03:59:00 PM,3.16,kWh,
Electric usage,2016-01-09,04:00:00 PM,04:59:00 PM,2.43,kWh,
Electric usage,2016-01-09,05:00:00 PM,05:59:00 PM,2.57,kWh,
Electric usage,2016-01-09,06:00:00 PM,06:59:00 PM,2.67,kWh,
Electric usage,2016-01-09,07:00:00 PM,07:59:00 PM,2.71,kWh,
Electric usage,2016-01-09,08:00:00 PM,08:59:00 PM,2.46,kWh,
Electric usage,2016-01-09,09:00:00 PM,09:59:00 PM,2.45,kWh,
Electric usage,2016-01-09,10:00:00 PM,10:59:00 PM,2.18,kWh,
Electric usage,2016-01-09,11:00:00 PM,11:59:00 PM,1.98,kWh,
Electric usage,2016-01-10,12:00:00 AM,12:59:00 AM,1.96,kWh,
Electric usage,2016-01-10,01:00:00 AM,01:59:00 AM,1.83,kWh,
Electric usage,2016-01-10,02:00:00 AM,02:59:00 AM,1.82,kWh,
Electric usage,2016-01-10,03:00:00 AM,03:59:00 AM,1.84,kWh,
Electric usage,2016-01-10,04:00:00 AM,04:59:00 AM,1.87,kWh,
Electric usage,2016-01-10,05:00:00 AM,05:59:00 AM,1.82,kWh,
Electric usage,2016-01-10,06:00:00 AM,06:59:00 AM,1.94,kWh,
Electric usage,2016-01-10,07:00:00 AM,07:59:00 AM,2.54,kWh,
Electric usage,2016-01-10,08:00:00 AM,08:59:00 AM,2.35,kWh,
Electric usage,2016-01-10,09:00:00 AM,09:59:00 AM,2.26,kWh,
Electric usage,2016-01-10,10:00:00 AM,10:59:00 AM,1.13,kWh,
Electric usage,2016-01-10,11:00:00 AM,11:59:00 AM,-0.42,kWh,
Electric usage,2016-01-10,12:00:00 PM,12:59:00 PM,-0.27,kWh,
Electric usage,2016-01-10,01:00:00 PM,01:59:00 PM,0.67,kWh,
Electric usage,2016-01-10,02:00:00 PM,02:59:00 PM,-0.67,kWh,
Electric usage,2016-01-10,03:00:00 PM,03:59:00 PM,1.13,kWh,
Electric usage,2016-01-10,04:00:00 PM,04:59:00 PM,2.24,kWh,
Electric usage,2016-01-10,05:00:00 PM,05:59:00 PM,2.03,kWh,
Electric usage,2016-01-10,06:00:00 PM,06:59:00 PM,1.67,kWh,
Electric usage,2016-01-10,07:00:00 PM,07:59:00 PM,2.12,kWh,
Electric usage,2016-01-10,08:00:00 PM,08:59:00 PM,1.5,kWh,
Electric usage,2016-01-10,09:00:00 PM,09:59:00 PM,1.25,kWh,
Electric usage,2016-01-10,10:00:00 PM,10:59:00 PM,0.99,kWh,
Electric usage,2016-01-10,11:00:00 PM,11:59:00 PM,0.96,kWh,
Electric usage,2016-01-11,12:00:00 AM,12:59:00 AM,0.65,kWh,
Electric usage,2016-01-11,01:00:00 AM,01:59:00 AM,0.68,kWh,
Electric usage,2016-01-11,02:00:00 AM,02:59:00 AM,0.59,kWh,
Electric usage,2016-01-11,03:00:00 AM,03:59:00 AM,0.62,kWh,
Electric usage,2016-01-11,04:00:00 AM,04:59:00 AM,0.65,kWh,
Electric usage,2016-01-11,05:00:00 AM,05:59:00 AM,1.03,kWh,
Electric usage,2016-01-11,06:00:00 AM,06:59:00 AM,1.16,kWh,
Electric usage,2016-01-11,07:00:00 AM,07:59:00 AM,0.92,kWh,
Electric usage,2016-01-11,08:00:00 AM,08:59:00 AM,0.59,kWh,
Electric usage,2016-01-11,09:00:00 AM,09:59:00 AM,-0.05,kWh,
Electric usage,2016-01-11,10:00:00 AM,10:59:00 AM,-0.59,kWh,
Electric usage,2016-01-11,11:00:00 AM,11:59:00 AM,-0.62,kWh,
Electric usage,2016-01-11,12:00:00 PM,12:59:00 PM,-0.92,kWh,
Electric usage,2016-01-11,01:00:00 PM,01:59:00 PM,-0.73,kWh,
Electric usage,2016-01-11,02:00:00 PM,02:59:00 PM,-0.78,kWh,
Electric usage,2016-01-11,03:00:00 PM,03:59:00 PM,0.05,kWh,
Electric usage,2016-01-11,04:00:00 PM,04:59:00 PM,0.94,kWh,
Electric usage,2016-01-11,05:00:00 PM,05:59:00 PM,1.15,kWh,
Electric usage,2016-01-11,06:00:00 PM,06:59:00 PM,1.23,kWh,
Electric usage,2016-01-11,07:00:00 PM,07:59:00 PM,1.13,kWh,
Electric usage,2016-01-11,08:00:00 PM,08:59:00 PM,1.08,kWh,
Electric usage,2016-01-11,09:00:00 PM,09:59:00 PM,1.16,kWh,
Electric usage,2016-01-11,10:00:00 PM,10:59:00 PM,1.13,kWh,
Electric usage,2016-01-11,11:00:00 PM,11:59:00 PM,0.84,kWh,
Electric usage,2016-01-12,12:00:00 AM,12:59:00 AM,0.63,kWh,
Electric usage,2016-01-12,01:00:00 AM,01:59:00 AM,0.75,kWh,
Electric usage,2016-01-12,02:00:00 AM,02:59:00 AM,0.8,kWh,
Electric usage,2016-01-12,03:00:00 AM,03:59:00 AM,0.8,kWh,
Electric usage,2016-01-12,04:00:00 AM,04:59:00 AM,0.71,kWh,
Electric usage,2016-01-12,05:00:00 AM,05:59:00 AM,0.87,kWh,
Electric usage,2016-01-12,06:00:00 AM,06:59:00 AM,0.96,kWh,
Electric usage,2016-01-12,07:00:00 AM,07:59:00 AM,0.93,kWh,
Electric usage,2016-01-12,08:00:00 AM,08:59:00 AM,0.77,kWh,
Electric usage,2016-01-12,09:00:00 AM,09:59:00 AM,0.07,kWh,
Electric usage,2016-01-12,10:00:00 AM,10:59:00 AM,-0.98,kWh,
Electric usage,2016-01-12,11:00:00 AM,11:59:00 AM,-1.43,kWh,
Electric usage,2016-01-12,12:00:00 PM,12:59:00 PM,-2.4,kWh,
Electric usage,2016-01-12,01:00:00 PM,01:59:00 PM,-1.69,kWh,
Electric usage,2016-01-12,02:00:00 PM,02:59:00 PM,0.17,kWh,
Electric usage,2016-01-12,03:00:00 PM,03:59:00 PM,0.79,kWh,
Electric usage,2016-01-12,04:00:00 PM,04:59:00 PM,1.21,kWh,
Electric usage,2016-01-12,05:00:00 PM,05:59:00 PM,1.31,kWh,
Electric usage,2016-01-12,06:00:00 PM,06:59:00 PM,1.09,kWh,
Electric usage,2016-01-12,07:00:00 PM,07:59:00 PM,2.14,kWh,
Electric usage,2016-01-12,08:00:00 PM,08:59:00 PM,2.01,kWh,
Electric usage,2016-01-12,09:00:00 PM,09:59:00 PM,1.77,kWh,
Electric usage,2016-01-12,10:00:00 PM,10:59:00 PM,1.74,kWh,
Electric usage,2016-01-12,11:00:00 PM,11:59:00 PM,1.78,kWh,
Electric usage,2016-01-13,12:00:00 AM,12:59:00 AM,1.56,kWh,
Electric usage,2016-01-13,01:00:00 AM,01:59:00 AM,1.41,kWh,
Electric usage,2016-01-13,02:00:00 AM,02:59:00 AM,1.4,kWh,
Electric usage,2016-01-13,03:00:00 AM,03:59:00 AM,1.5,kWh,
Electric usage,2016-01-13,04:00:00 AM,04:59:00 AM,1.44,kWh,
Electric usage,2016-01-13,05:00:00 AM,05:59:00 AM,1.48,kWh,
Electric usage,2016-01-13,06:00:00 AM,06:59:00 AM,1.52,kWh,
Electric usage,2016-01-13,07:00:00 AM,07:59:00 AM,0.84,kWh,
Electric usage,2016-01-13,08:00:00 AM,08:59:00 AM,0.53,kWh,
Electric usage,2016-01-13,09:00:00 AM,09:59:00 AM,0.59,kWh,
Electric usage,2016-01-13,10:00:00 AM,10:59:00 AM,0.31,kWh,
Electric usage,2016-01-13,11:00:00 AM,11:59:00 AM,-1.7,kWh,
Electric usage,2016-01-13,12:00:00 PM,12:59:00 PM,-2.89,kWh,
Electric usage,2016-01-13,01:00:00 PM,01:59:00 PM,-1.87,kWh,
Electric usage,2016-01-13,02:00:00 PM,02:59:00 PM,-2.18,kWh,
Electric usage,2016-01-13,03:00:00 PM,03:59:00 PM,-0.71,kWh,
Electric usage,2016-01-13,04:00:00 PM,04:59:00 PM,0.9,kWh,
Electric usage,2016-01-13,05:00:00 PM,05:59:00 PM,1.14,kWh,
Electric usage,2016-01-13,06:00:00 PM,06:59:00 PM,1.11,kWh,
Electric usage,2016-01-13,07:00:00 PM,07:59:00 PM,1.08,kWh,
Electric usage,2016-01-13,08:00:00 PM,08:59:00 PM,1.11,kWh,
Electric usage,2016-01-13,09:00:00 PM,09:59:00 PM,1.14,kWh,
Electric usage,2016-01-13,10:00:00 PM,10:59:00 PM,1.01,kWh,
Electric usage,2016-01-13,11:00:00 PM,11:59:00 PM,0.94,kWh,
Electric usage,2016-01-14,12:00:00 AM,12:59:00 AM,0.66,kWh,
Electric usage,2016-01-14,01:00:00 AM,01:59:00 AM,0.74,kWh,
Electric usage,2016-01-14,02:00:00 AM,02:59:00 AM,0.68,kWh,
Electric usage,2016-01-14,03:00:00 AM,03:59:00 AM,0.57,kWh,
Electric usage,2016-01-14,04:00:00 AM,04:59:00 AM,0.55,kWh,
Electric usage,2016-01-14,05:00:00 AM,05:59:00 AM,0.83,kWh,
Electric usage,2016-01-14,06:00:00 AM,06:59:00 AM,1.16,kWh,
Electric usage,2016-01-14,07:00:00 AM,07:59:00 AM,1.03,kWh,
Electric usage,2016-01-14,08:00:00 AM,08:59:00 AM,0.47,kWh,
Electric usage,2016-01-14,09:00:00 AM,09:59:00 AM,0.42,kWh,
Electric usage,2016-01-14,10:00:00 AM,10:59:00 AM,0.33,kWh,
Electric usage,2016-01-14,11:00:00 AM,11:59:00 AM,0.36,kWh,
Electric usage,2016-01-14,12:00:00 PM,12:59:00 PM,0.8,kWh,
Electric usage,2016-01-14,01:00:00 PM,01:59:00 PM,3.42,kWh,
Electric usage,2016-01-14,02:00:00 PM,02:59:00 PM,4.3,kWh,
Electric usage,2016-01-14,03:00:00 PM,03:59:00 PM,1.91,kWh,
Electric usage,2016-01-14,04:00:00 PM,04:59:00 PM,2.03,kWh,
Electric usage,2016-01-14,05:00:00 PM,05:59:00 PM,1.51,kWh,
Electric usage,2016-01-14,06:00:00 PM,06:59:00 PM,1.45,kWh,
Electric usage,2016-01-14,07:00:00 PM,07:59:00 PM,4.07,kWh,
Electric usage,2016-01-14,08:00:00 PM,08:59:00 PM,4.2,kWh,
Electric usage,2016-01-14,09:00:00 PM,09:59:00 PM,2.02,kWh,
Electric usage,2016-01-14,10:00:00 PM,10:59:00 PM,1.89,kWh,
Electric usage,2016-01-14,11:00:00 PM,11:59:00 PM,1.72,kWh,
Electric usage,2016-01-15,12:00:00 AM,12:59:00 AM,1.46,kWh,
Electric usage,2016-01-15,01:00:00 AM,01:59:00 AM,1.36,kWh,
Electric usage,2016-01-15,02:00:00 AM,02:59:00 AM,1.4,kWh,
Electric usage,2016-01-15,03:00:00 AM,03:59:00 AM,1.5,kWh,
Electric usage,2016-01-15,04:00:00 AM,04:59:00 AM,1.48,kWh,
Electric usage,2016-01-15,05:00:00 AM,05:59:00 AM,1.53,kWh,
Electric usage,2016-01-15,06:00:00 AM,06:59:00 AM,1.67,kWh,
Electric usage,2016-01-15,07:00:00 AM,07:59:00 AM,1.62,kWh,
Electric usage,2016-01-15,08:00:00 AM,08:59:00 AM,1.53,kWh,
Electric usage,2016-01-15,09:00:00 AM,09:59:00 AM,0.99,kWh,
Electric usage,2016-01-15,10:00:00 AM,10:59:00 AM,-0.81,kWh,
Electric usage,2016-01-15,11:00:00 AM,11:59:00 AM,-1.06,kWh,
Electric usage,2016-01-15,12:00:00 PM,12:59:00 PM,-0.16,kWh,
Electric usage,2016-01-15,01:00:00 PM,01:59:00 PM,-2.37,kWh,
Electric usage,2016-01-15,02:00:00 PM,02:59:00 PM,-1.15,kWh,
Electric usage,2016-01-15,03:00:00 PM,03:59:00 PM,0.39,kWh,
Electric usage,2016-01-15,04:00:00 PM,04:59:00 PM,1.77,kWh,
Electric usage,2016-01-15,05:00:00 PM,05:59:00 PM,1.32,kWh,
Electric usage,2016-01-15,06:00:00 PM,06:59:00 PM,1.09,kWh,
Electric usage,2016-01-15,07:00:00 PM,07:59:00 PM,1.24,kWh,
Electric usage,2016-01-15,08:00:00 PM,08:59:00 PM,1.13,kWh,
Electric usage,2016-01-15,09:00:00 PM,09:59:00 PM,1.15,kWh,
Electric usage,2016-01-15,10:00:00 PM,10:59:00 PM,0.95,kWh,
Electric usage,2016-01-15,11:00:00 PM,11:59:00 PM,0.66,kWh,
Electric usage,2016-01-16,12:00:00 AM,12:59:00 AM,0.66,kWh,
Electric usage,2016-01-16,01:00:00 AM,01:59:00 AM,0.78,kWh,
Electric usage,2016-01-16,02:00:00 AM,02:59:00 AM,0.72,kWh,
Electric usage,2016-01-16,03:00:00 AM,03:59:00 AM,0.64,kWh,
Electric usage,2016-01-16,04:00:00 AM,04:59:00 AM,0.58,kWh,
Electric usage,2016-01-16,05:00:00 AM,05:59:00 AM,0.65,kWh,
Electric usage,2016-01-16,06:00:00 AM,06:59:00 AM,0.69,kWh,
Electric usage,2016-01-16,07:00:00 AM,07:59:00 AM,0.96,kWh,
Electric usage,2016-01-16,08:00:00 AM,08:59:00 AM,1.15,kWh,
Electric usage,2016-01-16,09:00:00 AM,09:59:00 AM,1.53,kWh,
Electric usage,2016-01-16,10:00:00 AM,10:59:00 AM,1.35,kWh,
Electric usage,2016-01-16,11:00:00 AM,11:59:00 AM,0.98,kWh,
Electric usage,2016-01-16,12:00:00 PM,12:59:00 PM,0.79,kWh,
Electric usage,2016-01-16,01:00:00 PM,01:59:00 PM,1.02,kWh,
Electric usage,2016-01-16,02:00:00 PM,02:59:00 PM,1.56,kWh,
Electric usage,2016-01-16,03:00:00 PM,03:59:00 PM,1.7,kWh,
Electric usage,2016-01-16,04:00:00 PM,04:59:00 PM,1.24,kWh,
Electric usage,2016-01-16,05:00:00 PM,05:59:00 PM,1.53,kWh,
Electric usage,2016-01-16,06:00:00 PM,06:59:00 PM,1.22,kWh,
Electric usage,2016-01-16,07:00:00 PM,07:59:00 PM,1.64,kWh,
Electric usage,2016-01-16,08:00:00 PM,08:59:00 PM,1.12,kWh,
Electric usage,2016-01-16,09:00:00 PM,09:59:00 PM,0.98,kWh,
Electric usage,2016-01-16,10:00:00 PM,10:59:00 PM,1.15,kWh,
Electric usage,2016-01-16,11:00:00 PM,11:59:00 PM,0.82,kWh,
Electric usage,2016-01-17,12:00:00 AM,12:59:00 AM,0.76,kWh,
Electric usage,2016-01-17,01:00:00 AM,01:59:00 AM,0.67,kWh,
Electric usage,2016-01-17,02:00:00 AM,02:59:00 AM,0.7,kWh,
Electric usage,2016-01-17,03:00:00 AM,03:59:00 AM,0.73,kWh,
Electric usage,2016-01-17,04:00:00 AM,04:59:00 AM,0.69,kWh,
Electric usage,2016-01-17,05:00:00 AM,05:59:00 AM,0.6,kWh,
Electric usage,2016-01-17,06:00:00 AM,06:59:00 AM,0.72,kWh,
Electric usage,2016-01-17,07:00:00 AM,07:59:00 AM,1.06,kWh,
Electric usage,2016-01-17,08:00:00 AM,08:59:00 AM,1.1,kWh,
Electric usage,2016-01-17,09:00:00 AM,09:59:00 AM,1.16,kWh,
Electric usage,2016-01-17,10:00:00 AM,10:59:00 AM,0.85,kWh,
Electric usage,2016-01-17,11:00:00 AM,11:59:00 AM,0.89,kWh,
Electric usage,2016-01-17,12:00:00 PM,12:59:00 PM,0.89,kWh,
Electric usage,2016-01-17,01:00:00 PM,01:59:00 PM,0.95,kWh,
Electric usage,2016-01-17,02:00:00 PM,02:59:00 PM,1.02,kWh,
Electric usage,2016-01-17,03:00:00 PM,03:59:00 PM,1.01,kWh,
Electric usage,2016-01-17,04:00:00 PM,04:59:00 PM,1.22,kWh,
Electric usage,2016-01-17,05:00:00 PM,05:59:00 PM,1.11,kWh,
Electric usage,2016-01-17,06:00:00 PM,06:59:00 PM,1.03,kWh,
Electric usage,2016-01-17,07:00:00 PM,07:59:00 PM,2.5,kWh,
Electric usage,2016-01-17,08:00:00 PM,08:59:00 PM,1.47,kWh,
Electric usage,2016-01-17,09:00:00 PM,09:59:00 PM,1.23,kWh,
Electric usage,2016-01-17,10:00:00 PM,10:59:00 PM,1.04,kWh,
Electric usage,2016-01-17,11:00:00 PM,11:59:00 PM,0.93,kWh,
Electric usage,2016-01-18,12:00:00 AM,12:59:00 AM,0.94,kWh,
Electric usage,2016-01-18,01:00:00 AM,01:59:00 AM,0.83,kWh,
Electric usage,2016-01-18,02:00:00 AM,02:59:00 AM,0.69,kWh,
Electric usage,2016-01-18,03:00:00 AM,03:59:00 AM,0.74,kWh,
Electric usage,2016-01-18,04:00:00 AM,04:59:00 AM,0.7,kWh,
Electric usage,2016-01-18,05:00:00 AM,05:59:00 AM,0.75,kWh,
Electric usage,2016-01-18,06:00:00 AM,06:59:00 AM,0.84,kWh,
Electric usage,2016-01-18,07:00:00 AM,07:59:00 AM,0.88,kWh,
Electric usage,2016-01-18,08:00:00 AM,08:59:00 AM,1.04,kWh,
Electric usage,2016-01-18,09:00:00 AM,09:59:00 AM,0.01,kWh,
Electric usage,2016-01-18,10:00:00 AM,10:59:00 AM,0,kWh,
Electric usage,2016-01-18,11:00:00 AM,11:59:00 AM,-0.93,kWh,
Electric usage,2016-01-18,12:00:00 PM,12:59:00 PM,-0.48,kWh,
Electric usage,2016-01-18,01:00:00 PM,01:59:00 PM,0.53,kWh,
Electric usage,2016-01-18,02:00:00 PM,02:59:00 PM,0.56,kWh,
Electric usage,2016-01-18,03:00:00 PM,03:59:00 PM,0.67,kWh,
Electric usage,2016-01-18,04:00:00 PM,04:59:00 PM,1.05,kWh,
Electric usage,2016-01-18,05:00:00 PM,05:59:00 PM,1.17,kWh,
Electric usage,2016-01-18,06:00:00 PM,06:59:00 PM,1.2,kWh,
Electric usage,2016-01-18,07:00:00 PM,07:59:00 PM,1.18,kWh,
Electric usage,2016-01-18,08:00:00 PM,08:59:00 PM,1.09,kWh,
Electric usage,2016-01-18,09:00:00 PM,09:59:00 PM,1.13,kWh,
Electric usage,2016-01-18,10:00:00 PM,10:59:00 PM,1.17,kWh,
Electric usage,2016-01-18,11:00:00 PM,11:59:00 PM,1.2,kWh,
Electric usage,2016-01-19,12:00:00 AM,12:59:00 AM,1.03,kWh,
Electric usage,2016-01-19,01:00:00 AM,01:59:00 AM,0.95,kWh,
Electric usage,2016-01-19,02:00:00 AM,02:59:00 AM,0.82,kWh,
Electric usage,2016-01-19,03:00:00 AM,03:59:00 AM,0.82,kWh,
Electric usage,2016-01-19,04:00:00 AM,04:59:00 AM,0.78,kWh,
Electric usage,2016-01-19,05:00:00 AM,05:59:00 AM,0.86,kWh,
Electric usage,2016-01-19,06:00:00 AM,06:59:00 AM,0.72,kWh,
Electric usage,2016-01-19,07:00:00 AM,07:59:00 AM,0.86,kWh,
Electric usage,2016-01-19,08:00:00 AM,08:59:00 AM,1.17,kWh,
Electric usage,2016-01-19,09:00:00 AM,09:59:00 AM,0.85,kWh,
Electric usage,2016-01-19,10:00:00 AM,10:59:00 AM,-0.24,kWh,
Electric usage,2016-01-19,11:00:00 AM,11:59:00 AM,-1.47,kWh,
Electric usage,2016-01-19,12:00:00 PM,12:59:00 PM,-0.07,kWh,
Electric usage,2016-01-19,01:00:00 PM,01:59:00 PM,-0.52,kWh,
Electric usage,2016-01-19,02:00:00 PM,02:59:00 PM,-0.22,kWh,
Electric usage,2016-01-19,03:00:00 PM,03:59:00 PM,-0.04,kWh,
Electric usage,2016-01-19,04:00:00 PM,04:59:00 PM,0.72,kWh,
Electric usage,2016-01-19,05:00:00 PM,05:59:00 PM,1.12,kWh,
Electric usage,2016-01-19,06:00:00 PM,06:59:00 PM,1.23,kWh,
Electric usage,2016-01-19,07:00:00 PM,07:59:00 PM,1.32,kWh,
Electric usage,2016-01-19,08:00:00 PM,08:59:00 PM,1.33,kWh,
Electric usage,2016-01-19,09:00:00 PM,09:59:00 PM,1.23,kWh,
Electric usage,2016-01-19,10:00:00 PM,10:59:00 PM,1.14,kWh,
Electric usage,2016-01-19,11:00:00 PM,11:59:00 PM,0.87,kWh,
Electric usage,2016-01-20,12:00:00 AM,12:59:00 AM,0.84,kWh,
Electric usage,2016-01-20,01:00:00 AM,01:59:00 AM,0.79,kWh,
Electric usage,2016-01-20,02:00:00 AM,02:59:00 AM,0.66,kWh,
Electric usage,2016-01-20,03:00:00 AM,03:59:00 AM,0.63,kWh,
Electric usage,2016-01-20,04:00:00 AM,04:59:00 AM,0.88,kWh,
Electric usage,2016-01-20,05:00:00 AM,05:59:00 AM,1.1,kWh,
Electric usage,2016-01-20,06:00:00 AM,06:59:00 AM,1.19,kWh,
Electric usage,2016-01-20,07:00:00 AM,07:59:00 AM,0.96,kWh,
Electric usage,2016-01-20,08:00:00 AM,08:59:00 AM,0.8,kWh,
Electric usage,2016-01-20,09:00:00 AM,09:59:00 AM,0.58,kWh,
Electric usage,2016-01-20,10:00:00 AM,10:59:00 AM,-0.58,kWh,
Electric usage,2016-01-20,11:00:00 AM,11:59:00 AM,-1.77,kWh,
Electric usage,2016-01-20,12:00:00 PM,12:59:00 PM,-1.92,kWh,
Electric usage,2016-01-20,01:00:00 PM,01:59:00 PM,-2.31,kWh,
Electric usage,2016-01-20,02:00:00 PM,02:59:00 PM,-1.46,kWh,
Electric usage,2016-01-20,03:00:00 PM,03:59:00 PM,-0.17,kWh,
Electric usage,2016-01-20,04:00:00 PM,04:59:00 PM,0.68,kWh,
Electric usage,2016-01-20,05:00:00 PM,05:59:00 PM,1.17,kWh,
Electric usage,2016-01-20,06:00:00 PM,06:59:00 PM,1.21,kWh,
Electric usage,2016-01-20,07:00:00 PM,07:59:00 PM,1.11,kWh,
Electric usage,2016-01-20,08:00:00 PM,08:59:00 PM,1.05,kWh,
Electric usage,2016-01-20,09:00:00 PM,09:59:00 PM,1.16,kWh,
Electric usage,2016-01-20,10:00:00 PM,10:59:00 PM,1.16,kWh,
Electric usage,2016-01-20,11:00:00 PM,11:59:00 PM,0.89,kWh,
Electric usage,2016-01-21,12:00:00 AM,12:59:00 AM,0.63,kWh,
Electric usage,2016-01-21,01:00:00 AM,01:59:00 AM,0.62,kWh,
Electric usage,2016-01-21,02:00:00 AM,02:59:00 AM,0.75,kWh,
Electric usage,2016-01-21,03:00:00 AM,03:59:00 AM,0.81,kWh,
Electric usage,2016-01-21,04:00:00 AM,04:59:00 AM,0.72,kWh,
Electric usage,2016-01-21,05:00:00 AM,05:59:00 AM,0.87,kWh,
Electric usage,2016-01-21,06:00:00 AM,06:59:00 AM,0.85,kWh,
Electric usage,2016-01-21,07:00:00 AM,07:59:00 AM,0.91,kWh,
Electric usage,2016-01-21,08:00:00 AM,08:59:00 AM,0.9,kWh,
Electric usage,2016-01-21,09:00:00 AM,09:59:00 AM,0.32,kWh,
Electric usage,2016-01-21,10:00:00 AM,10:59:00 AM,-1.5,kWh,
Electric usage,2016-01-21,11:00:00 AM,11:59:00 AM,-2.17,kWh,
Electric usage,2016-01-21,12:00:00 PM,12:59:00 PM,-1.75,kWh,
Electric usage,2016-01-21,01:00:00 PM,01:59:00 PM,-0.97,kWh,
Electric usage,2016-01-21,02:00:00 PM,02:59:00 PM,0.33,kWh,
Electric usage,2016-01-21,03:00:00 PM,03:59:00 PM,0.91,kWh,
Electric usage,2016-01-21,04:00:00 PM,04:59:00 PM,0.97,kWh,
Electric usage,2016-01-21,05:00:00 PM,05:59:00 PM,1.25,kWh,
Electric usage,2016-01-21,06:00:00 PM,06:59:00 PM,1.02,kWh,
Electric usage,2016-01-21,07:00:00 PM,07:59:00 PM,1.13,kWh,
Electric usage,2016-01-21,08:00:00 PM,08:59:00 PM,1.27,kWh,
Electric usage,2016-01-21,09:00:00 PM,09:59:00 PM,1.19,kWh,
Electric usage,2016-01-21,10:00:00 PM,10:59:00 PM,1.03,kWh,
Electric usage,2016-01-21,11:00:00 PM,11:59:00 PM,0.94,kWh,
Electric usage,2016-01-22,12:00:00 AM,12:59:00 AM,0.84,kWh,
Electric usage,2016-01-22,01:00:00 AM,01:59:00 AM,0.77,kWh,
Electric usage,2016-01-22,02:00:00 AM,02:59:00 AM,0.64,kWh,
Electric usage,2016-01-22,03:00:00 AM,03:59:00 AM,0.67,kWh,
Electric usage,2016-01-22,04:00:00 AM,04:59:00 AM,0.78,kWh,
Electric usage,2016-01-22,05:00:00 AM,05:59:00 AM,0.99,kWh,
Electric usage,2016-01-22,06:00:00 AM,06:59:00 AM,0.91,kWh,
Electric usage,2016-01-22,07:00:00 AM,07:59:00 AM,0.79,kWh,
Electric usage,2016-01-22,08:00:00 AM,08:59:00 AM,1.06,kWh,
Electric usage,2016-01-22,09:00:00 AM,09:59:00 AM,0.88,kWh,
Electric usage,2016-01-22,10:00:00 AM,10:59:00 AM,0.73,kWh,
Electric usage,2016-01-22,11:00:00 AM,11:59:00 AM,0.64,kWh,
Electric usage,2016-01-22,12:00:00 PM,12:59:00 PM,0.66,kWh,
Electric usage,2016-01-22,01:00:00 PM,01:59:00 PM,0.71,kWh,
Electric usage,2016-01-22,02:00:00 PM,02:59:00 PM,0.82,kWh,
Electric usage,2016-01-22,03:00:00 PM,03:59:00 PM,0.97,kWh,
Electric usage,2016-01-22,04:00:00 PM,04:59:00 PM,1.08,kWh,
Electric usage,2016-01-22,05:00:00 PM,05:59:00 PM,1.12,kWh,
Electric usage,2016-01-22,06:00:00 PM,06:59:00 PM,1.04,kWh,
Electric usage,2016-01-22,07:00:00 PM,07:59:00 PM,1.08,kWh,
Electric usage,2016-01-22,08:00:00 PM,08:59:00 PM,1.04,kWh,
Electric usage,2016-01-22,09:00:00 PM,09:59:00 PM,1.13,kWh,
Electric usage,2016-01-22,10:00:00 PM,10:59:00 PM,1.11,kWh,
Electric usage,2016-01-22,11:00:00 PM,11:59:00 PM,0.91,kWh,
Electric usage,2016-01-23,12:00:00 AM,12:59:00 AM,0.78,kWh,
Electric usage,2016-01-23,01:00:00 AM,01:59:00 AM,0.66,kWh,
Electric usage,2016-01-23,02:00:00 AM,02:59:00 AM,0.61,kWh,
Electric usage,2016-01-23,03:00:00 AM,03:59:00 AM,0.73,kWh,
Electric usage,2016-01-23,04:00:00 AM,04:59:00 AM,0.73,kWh,
Electric usage,2016-01-23,05:00:00 AM,05:59:00 AM,0.76,kWh,
Electric usage,2016-01-23,06:00:00 AM,06:59:00 AM,0.72,kWh,
Electric usage,2016-01-23,07:00:00 AM,07:59:00 AM,0.96,kWh,
Electric usage,2016-01-23,08:00:00 AM,08:59:00 AM,0.92,kWh,
Electric usage,2016-01-23,09:00:00 AM,09:59:00 AM,0.11,kWh,
Electric usage,2016-01-23,10:00:00 AM,10:59:00 AM,-0.19,kWh,
Electric usage,2016-01-23,11:00:00 AM,11:59:00 AM,-1.11,kWh,
Electric usage,2016-01-23,12:00:00 PM,12:59:00 PM,-2.49,kWh,
Electric usage,2016-01-23,01:00:00 PM,01:59:00 PM,-2.41,kWh,
Electric usage,2016-01-23,02:00:00 PM,02:59:00 PM,-1.57,kWh,
Electric usage,2016-01-23,03:00:00 PM,03:59:00 PM,-0.37,kWh,
Electric usage,2016-01-23,04:00:00 PM,04:59:00 PM,0.85,kWh,
Electric usage,2016-01-23,05:00:00 PM,05:59:00 PM,1.1,kWh,
Electric usage,2016-01-23,06:00:00 PM,06:59:00 PM,1.26,kWh,
Electric usage,2016-01-23,07:00:00 PM,07:59:00 PM,1.23,kWh,
Electric usage,2016-01-23,08:00:00 PM,08:59:00 PM,1.4,kWh,
Electric usage,2016-01-23,09:00:00 PM,09:59:00 PM,1.28,kWh,
Electric usage,2016-01-23,10:00:00 PM,10:59:00 PM,0.93,kWh,
Electric usage,2016-01-23,11:00:00 PM,11:59:00 PM,0.86,kWh,
Electric usage,2016-01-24,12:00:00 AM,12:59:00 AM,0.84,kWh,
Electric usage,2016-01-24,01:00:00 AM,01:59:00 AM,0.69,kWh,
Electric usage,2016-01-24,02:00:00 AM,02:59:00 AM,0.61,kWh,
Electric usage,2016-01-24,03:00:00 AM,03:59:00 AM,0.61,kWh,
Electric usage,2016-01-24,04:00:00 AM,04:59:00 AM,0.72,kWh,
Electric usage,2016-01-24,05:00:00 AM,05:59:00 AM,0.8,kWh,
Electric usage,2016-01-24,06:00:00 AM,06:59:00 AM,0.78,kWh,
Electric usage,2016-01-24,07:00:00 AM,07:59:00 AM,1.11,kWh,
Electric usage,2016-01-24,08:00:00 AM,08:59:00 AM,1.4,kWh,
Electric usage,2016-01-24,09:00:00 AM,09:59:00 AM,0.76,kWh,
Electric usage,2016-01-24,10:00:00 AM,10:59:00 AM,-0.55,kWh,
Electric usage,2016-01-24,11:00:00 AM,11:59:00 AM,-1.63,kWh,
Electric usage,2016-01-24,12:00:00 PM,12:59:00 PM,-3.2,kWh,
Electric usage,2016-01-24,01:00:00 PM,01:59:00 PM,-3.09,kWh,
Electric usage,2016-01-24,02:00:00 PM,02:59:00 PM,-2.01,kWh,
Electric usage,2016-01-24,03:00:00 PM,03:59:00 PM,-0.35,kWh,
Electric usage,2016-01-24,04:00:00 PM,04:59:00 PM,0.81,kWh,
Electric usage,2016-01-24,05:00:00 PM,05:59:00 PM,0.93,kWh,
Electric usage,2016-01-24,06:00:00 PM,06:59:00 PM,1.07,kWh,
Electric usage,2016-01-24,07:00:00 PM,07:59:00 PM,1.69,kWh,
Electric usage,2016-01-24,08:00:00 PM,08:59:00 PM,1.39,kWh,
Electric usage,2016-01-24,09:00:00 PM,09:59:00 PM,1.28,kWh,
Electric usage,2016-01-24,10:00:00 PM,10:59:00 PM,1.21,kWh,
Electric usage,2016-01-24,11:00:00 PM,11:59:00 PM,1.12,kWh,
Electric usage,2016-01-25,12:00:00 AM,12:59:00 AM,0.9,kWh,
Electric usage,2016-01-25,01:00:00 AM,01:59:00 AM,0.73,kWh,
Electric usage,2016-01-25,02:00:00 AM,02:59:00 AM,0.73,kWh,
Electric usage,2016-01-25,03:00:00 AM,03:59:00 AM,0.68,kWh,
Electric usage,2016-01-25,04:00:00 AM,04:59:00 AM,0.7,kWh,
Electric usage,2016-01-25,05:00:00 AM,05:59:00 AM,0.96,kWh,
Electric usage,2016-01-25,06:00:00 AM,06:59:00 AM,0.98,kWh,
Electric usage,2016-01-25,07:00:00 AM,07:59:00 AM,1,kWh,
Electric usage,2016-01-25,08:00:00 AM,08:59:00 AM,0.71,kWh,
Electric usage,2016-01-25,09:00:00 AM,09:59:00 AM,-0.25,kWh,
Electric usage,2016-01-25,10:00:00 AM,10:59:00 AM,-0.34,kWh,
Electric usage,2016-01-25,11:00:00 AM,11:59:00 AM,-0.1,kWh,
Electric usage,2016-01-25,12:00:00 PM,12:59:00 PM,-0.12,kWh,
Electric usage,2016-01-25,01:00:00 PM,01:59:00 PM,-0.4,kWh,
Electric usage,2016-01-25,02:00:00 PM,02:59:00 PM,0.08,kWh,
Electric usage,2016-01-25,03:00:00 PM,03:59:00 PM,0.27,kWh,
Electric usage,2016-01-25,04:00:00 PM,04:59:00 PM,0.89,kWh,
Electric usage,2016-01-25,05:00:00 PM,05:59:00 PM,1.78,kWh,
Electric usage,2016-01-25,06:00:00 PM,06:59:00 PM,1.88,kWh,
Electric usage,2016-01-25,07:00:00 PM,07:59:00 PM,2.12,kWh,
Electric usage,2016-01-25,08:00:00 PM,08:59:00 PM,1.09,kWh,
Electric usage,2016-01-25,09:00:00 PM,09:59:00 PM,1.16,kWh,
Electric usage,2016-01-25,10:00:00 PM,10:59:00 PM,1.2,kWh,
Electric usage,2016-01-25,11:00:00 PM,11:59:00 PM,1.15,kWh,
Electric usage,2016-01-26,12:00:00 AM,12:59:00 AM,1.33,kWh,
Electric usage,2016-01-26,01:00:00 AM,01:59:00 AM,0.71,kWh,
Electric usage,2016-01-26,02:00:00 AM,02:59:00 AM,0.61,kWh,
Electric usage,2016-01-26,03:00:00 AM,03:59:00 AM,0.66,kWh,
Electric usage,2016-01-26,04:00:00 AM,04:59:00 AM,0.73,kWh,
Electric usage,2016-01-26,05:00:00 AM,05:59:00 AM,1.15,kWh,
Electric usage,2016-01-26,06:00:00 AM,06:59:00 AM,1.02,kWh,
Electric usage,2016-01-26,07:00:00 AM,07:59:00 AM,0.98,kWh,
Electric usage,2016-01-26,08:00:00 AM,08:59:00 AM,1.71,kWh,
Electric usage,2016-01-26,09:00:00 AM,09:59:00 AM,0.38,kWh,
Electric usage,2016-01-26,10:00:00 AM,10:59:00 AM,-0.91,kWh,
Electric usage,2016-01-26,11:00:00 AM,11:59:00 AM,-0.51,kWh,
Electric usage,2016-01-26,12:00:00 PM,12:59:00 PM,-1.17,kWh,
Electric usage,2016-01-26,01:00:00 PM,01:59:00 PM,-1.67,kWh,
Electric usage,2016-01-26,02:00:00 PM,02:59:00 PM,-1.69,kWh,
Electric usage,2016-01-26,03:00:00 PM,03:59:00 PM,-0.24,kWh,
Electric usage,2016-01-26,04:00:00 PM,04:59:00 PM,0.9,kWh,
Electric usage,2016-01-26,05:00:00 PM,05:59:00 PM,1.09,kWh,
Electric usage,2016-01-26,06:00:00 PM,06:59:00 PM,1.3,kWh,
Electric usage,2016-01-26,07:00:00 PM,07:59:00 PM,1.24,kWh,
Electric usage,2016-01-26,08:00:00 PM,08:59:00 PM,1.1,kWh,
Electric usage,2016-01-26,09:00:00 PM,09:59:00 PM,1.15,kWh,
Electric usage,2016-01-26,10:00:00 PM,10:59:00 PM,0.94,kWh,
Electric usage,2016-01-26,11:00:00 PM,11:59:00 PM,0.82,kWh,
Electric usage,2016-01-27,12:00:00 AM,12:59:00 AM,0.75,kWh,
Electric usage,2016-01-27,01:00:00 AM,01:59:00 AM,0.66,kWh,
Electric usage,2016-01-27,02:00:00 AM,02:59:00 AM,0.59,kWh,
Electric usage,2016-01-27,03:00:00 AM,03:59:00 AM,0.55,kWh,
Electric usage,2016-01-27,04:00:00 AM,04:59:00 AM,0.56,kWh,
Electric usage,2016-01-27,05:00:00 AM,05:59:00 AM,0.81,kWh,
Electric usage,2016-01-27,06:00:00 AM,06:59:00 AM,0.9,kWh,
Electric usage,2016-01-27,07:00:00 AM,07:59:00 AM,0.77,kWh,
Electric usage,2016-01-27,08:00:00 AM,08:59:00 AM,0.87,kWh,
Electric usage,2016-01-27,09:00:00 AM,09:59:00 AM,0.24,kWh,
Electric usage,2016-01-27,10:00:00 AM,10:59:00 AM,-0.95,kWh,
Electric usage,2016-01-27,11:00:00 AM,11:59:00 AM,-2.44,kWh,
Electric usage,2016-01-27,12:00:00 PM,12:59:00 PM,-3.43,kWh,
Electric usage,2016-01-27,01:00:00 PM,01:59:00 PM,-3.2,kWh,
Electric usage,2016-01-27,02:00:00 PM,02:59:00 PM,-1.68,kWh,
Electric usage,2016-01-27,03:00:00 PM,03:59:00 PM,-0.65,kWh,
Electric usage,2016-01-27,04:00:00 PM,04:59:00 PM,0.88,kWh,
Electric usage,2016-01-27,05:00:00 PM,05:59:00 PM,1.02,kWh,
Electric usage,2016-01-27,06:00:00 PM,06:59:00 PM,1.03,kWh,
Electric usage,2016-01-27,07:00:00 PM,07:59:00 PM,1.03,kWh,
Electric usage,2016-01-27,08:00:00 PM,08:59:00 PM,1.17,kWh,
Electric usage,2016-01-27,09:00:00 PM,09:59:00 PM,1.21,kWh,
Electric usage,2016-01-27,10:00:00 PM,10:59:00 PM,1.02,kWh,
Electric usage,2016-01-27,11:00:00 PM,11:59:00 PM,0.82,kWh,
Electric usage,2016-01-28,12:00:00 AM,12:59:00 AM,0.58,kWh,
Electric usage,2016-01-28,01:00:00 AM,01:59:00 AM,0.63,kWh,
Electric usage,2016-01-28,02:00:00 AM,02:59:00 AM,0.69,kWh,
Electric usage,2016-01-28,03:00:00 AM,03:59:00 AM,0.67,kWh,
Electric usage,2016-01-28,04:00:00 AM,04:59:00 AM,0.63,kWh,
Electric usage,2016-01-28,05:00:00 AM,05:59:00 AM,0.88,kWh,
Electric usage,2016-01-28,06:00:00 AM,06:59:00 AM,0.87,kWh,
Electric usage,2016-01-28,07:00:00 AM,07:59:00 AM,0.76,kWh,
Electric usage,2016-01-28,08:00:00 AM,08:59:00 AM,0.78,kWh,
Electric usage,2016-01-28,09:00:00 AM,09:59:00 AM,0.46,kWh,
Electric usage,2016-01-28,10:00:00 AM,10:59:00 AM,-1.2,kWh,
Electric usage,2016-01-28,11:00:00 AM,11:59:00 AM,-0.09,kWh,
Electric usage,2016-01-28,12:00:00 PM,12:59:00 PM,-0.38,kWh,
Electric usage,2016-01-28,01:00:00 PM,01:59:00 PM,0.08,kWh,
Electric usage,2016-01-28,02:00:00 PM,02:59:00 PM,0.32,kWh,
Electric usage,2016-01-28,03:00:00 PM,03:59:00 PM,0.82,kWh,
Electric usage,2016-01-28,04:00:00 PM,04:59:00 PM,1.27,kWh,
Electric usage,2016-01-28,05:00:00 PM,05:59:00 PM,1.98,kWh,
Electric usage,2016-01-28,06:00:00 PM,06:59:00 PM,1.5,kWh,
Electric usage,2016-01-28,07:00:00 PM,07:59:00 PM,1.09,kWh,
Electric usage,2016-01-28,08:00:00 PM,08:59:00 PM,1.36,kWh,
Electric usage,2016-01-28,09:00:00 PM,09:59:00 PM,1.25,kWh,
Electric usage,2016-01-28,10:00:00 PM,10:59:00 PM,1.15,kWh,
Electric usage,2016-01-28,11:00:00 PM,11:59:00 PM,1.09,kWh,
Electric usage,2016-01-29,12:00:00 AM,12:59:00 AM,0.9,kWh,
Electric usage,2016-01-29,01:00:00 AM,01:59:00 AM,0.84,kWh,
Electric usage,2016-01-29,02:00:00 AM,02:59:00 AM,0.85,kWh,
Electric usage,2016-01-29,03:00:00 AM,03:59:00 AM,0.91,kWh,
Electric usage,2016-01-29,04:00:00 AM,04:59:00 AM,0.81,kWh,
Electric usage,2016-01-29,05:00:00 AM,05:59:00 AM,1.02,kWh,
Electric usage,2016-01-29,06:00:00 AM,06:59:00 AM,0.96,kWh,
Electric usage,2016-01-29,07:00:00 AM,07:59:00 AM,0.74,kWh,
Electric usage,2016-01-29,08:00:00 AM,08:59:00 AM,1.21,kWh,
Electric usage,2016-01-29,09:00:00 AM,09:59:00 AM,0.84,kWh,
Electric usage,2016-01-29,10:00:00 AM,10:59:00 AM,0.44,kWh,
Electric usage,2016-01-29,11:00:00 AM,11:59:00 AM,0.12,kWh,
Electric usage,2016-01-29,12:00:00 PM,12:59:00 PM,-0.82,kWh,
Electric usage,2016-01-29,01:00:00 PM,01:59:00 PM,-0.67,kWh,
Electric usage,2016-01-29,02:00:00 PM,02:59:00 PM,-0.01,kWh,
Electric usage,2016-01-29,03:00:00 PM,03:59:00 PM,0.4,kWh,
Electric usage,2016-01-29,04:00:00 PM,04:59:00 PM,0.74,kWh,
Electric usage,2016-01-29,05:00:00 PM,05:59:00 PM,1.15,kWh,
Electric usage,2016-01-29,06:00:00 PM,06:59:00 PM,1.29,kWh,
Electric usage,2016-01-29,07:00:00 PM,07:59:00 PM,1.21,kWh,
Electric usage,2016-01-29,08:00:00 PM,08:59:00 PM,1.07,kWh,
Electric usage,2016-01-29,09:00:00 PM,09:59:00 PM,1.07,kWh,
Electric usage,2016-01-29,10:00:00 PM,10:59:00 PM,1.05,kWh,
Electric usage,2016-01-29,11:00:00 PM,11:59:00 PM,0.98,kWh,
Electric usage,2016-01-30,12:00:00 AM,12:59:00 AM,0.89,kWh,
Electric usage,2016-01-30,01:00:00 AM,01:59:00 AM,0.66,kWh,
Electric usage,2016-01-30,02:00:00 AM,02:59:00 AM,0.66,kWh,
Electric usage,2016-01-30,03:00:00 AM,03:59:00 AM,0.67,kWh,
Electric usage,2016-01-30,04:00:00 AM,04:59:00 AM,0.84,kWh,
Electric usage,2016-01-30,05:00:00 AM,05:59:00 AM,0.87,kWh,
Electric usage,2016-01-30,06:00:00 AM,06:59:00 AM,0.78,kWh,
Electric usage,2016-01-30,07:00:00 AM,07:59:00 AM,0.85,kWh,
Electric usage,2016-01-30,08:00:00 AM,08:59:00 AM,0.56,kWh,
Electric usage,2016-01-30,09:00:00 AM,09:59:00 AM,-0.11,kWh,
Electric usage,2016-01-30,10:00:00 AM,10:59:00 AM,-1.84,kWh,
Electric usage,2016-01-30,11:00:00 AM,11:59:00 AM,-2.63,kWh,
Electric usage,2016-01-30,12:00:00 PM,12:59:00 PM,-3.92,kWh,
Electric usage,2016-01-30,01:00:00 PM,01:59:00 PM,-2.29,kWh,
Electric usage,2016-01-30,02:00:00 PM,02:59:00 PM,-1.72,kWh,
Electric usage,2016-01-30,03:00:00 PM,03:59:00 PM,0.65,kWh,
Electric usage,2016-01-30,04:00:00 PM,04:59:00 PM,1.84,kWh,
Electric usage,2016-01-30,05:00:00 PM,05:59:00 PM,0.99,kWh,
Electric usage,2016-01-30,06:00:00 PM,06:59:00 PM,1.08,kWh,
Electric usage,2016-01-30,07:00:00 PM,07:59:00 PM,1.09,kWh,
Electric usage,2016-01-30,08:00:00 PM,08:59:00 PM,1.23,kWh,
Electric usage,2016-01-30,09:00:00 PM,09:59:00 PM,1.36,kWh,
Electric usage,2016-01-30,10:00:00 PM,10:59:00 PM,1.2,kWh,
Electric usage,2016-01-30,11:00:00 PM,11:59:00 PM,0.78,kWh,
Electric usage,2016-01-31,12:00:00 AM,12:59:00 AM,0.74,kWh,
Electric usage,2016-01-31,01:00:00 AM,01:59:00 AM,0.74,kWh,
Electric usage,2016-01-31,02:00:00 AM,02:59:00 AM,0.72,kWh,
Electric usage,2016-01-31,03:00:00 AM,03:59:00 AM,0.61,kWh,
Electric usage,2016-01-31,04:00:00 AM,04:59:00 AM,0.62,kWh,
Electric usage,2016-01-31,05:00:00 AM,05:59:00 AM,0.7,kWh,
Electric usage,2016-01-31,06:00:00 AM,06:59:00 AM,0.79,kWh,
Electric usage,2016-01-31,07:00:00 AM,07:59:00 AM,1,kWh,
Electric usage,2016-01-31,08:00:00 AM,08:59:00 AM,1.07,kWh,
Electric usage,2016-01-31,09:00:00 AM,09:59:00 AM,0.21,kWh,
Electric usage,2016-01-31,10:00:00 AM,10:59:00 AM,-1.42,kWh,
Electric usage,2016-01-31,11:00:00 AM,11:59:00 AM,-2.94,kWh,
Electric usage,2016-01-31,12:00:00 PM,12:59:00 PM,-3.14,kWh,
Electric usage,2016-01-31,01:00:00 PM,01:59:00 PM,-2.69,kWh,
Electric usage,2016-01-31,02:00:00 PM,02:59:00 PM,-2.11,kWh,
Electric usage,2016-01-31,03:00:00 PM,03:59:00 PM,-1.61,kWh,
Electric usage,2016-01-31,04:00:00 PM,04:59:00 PM,0.17,kWh,
Electric usage,2016-01-31,05:00:00 PM,05:59:00 PM,1.52,kWh,
Electric usage,2016-01-31,06:00:00 PM,06:59:00 PM,1.24,kWh,
Electric usage,2016-01-31,07:00:00 PM,07:59:00 PM,1.16,kWh,
Electric usage,2016-01-31,08:00:00 PM,08:59:00 PM,1.22,kWh,
Electric usage,2016-01-31,09:00:00 PM,09:59:00 PM,1.72,kWh,
Electric usage,2016-01-31,10:00:00 PM,10:59:00 PM,1.02,kWh,
Electric usage,2016-01-31,11:00:00 PM,11:59:00 PM,0.82,kWh,
Electric usage,2016-02-01,12:00:00 AM,12:59:00 AM,0.81,kWh,
Electric usage,2016-02-01,01:00:00 AM,01:59:00 AM,0.71,kWh,
Electric usage,2016-02-01,02:00:00 AM,02:59:00 AM,0.58,kWh,
Electric usage,2016-02-01,03:00:00 AM,03:59:00 AM,0.62,kWh,
Electric usage,2016-02-01,04:00:00 AM,04:59:00 AM,0.65,kWh,
Electric usage,2016-02-01,05:00:00 AM,05:59:00 AM,0.96,kWh,
Electric usage,2016-02-01,06:00:00 AM,06:59:00 AM,1.2,kWh,
Electric usage,2016-02-01,07:00:00 AM,07:59:00 AM,1.01,kWh,
Electric usage,2016-02-01,08:00:00 AM,08:59:00 AM,1,kWh,
Electric usage,2016-02-01,09:00:00 AM,09:59:00 AM,0.18,kWh,
Electric usage,2016-02-01,10:00:00 AM,10:59:00 AM,-2.44,kWh,
Electric usage,2016-02-01,11:00:00 AM,11:59:00 AM,-3.96,kWh,
Electric usage,2016-02-01,12:00:00 PM,12:59:00 PM,-3.64,kWh,
Electric usage,2016-02-01,01:00:00 PM,01:59:00 PM,-3.3,kWh,
Electric usage,2016-02-01,02:00:00 PM,02:59:00 PM,-2.56,kWh,
Electric usage,2016-02-01,03:00:00 PM,03:59:00 PM,-0.73,kWh,
Electric usage,2016-02-01,04:00:00 PM,04:59:00 PM,1.42,kWh,
Electric usage,2016-02-01,05:00:00 PM,05:59:00 PM,2.13,kWh,
Electric usage,2016-02-01,06:00:00 PM,06:59:00 PM,1.34,kWh,
Electric usage,2016-02-01,07:00:00 PM,07:59:00 PM,2.14,kWh,
Electric usage,2016-02-01,08:00:00 PM,08:59:00 PM,1.81,kWh,
Electric usage,2016-02-01,09:00:00 PM,09:59:00 PM,1.41,kWh,
Electric usage,2016-02-01,10:00:00 PM,10:59:00 PM,1.43,kWh,
Electric usage,2016-02-01,11:00:00 PM,11:59:00 PM,1.25,kWh,
Electric usage,2016-02-02,12:00:00 AM,12:59:00 AM,1.11,kWh,
Electric usage,2016-02-02,01:00:00 AM,01:59:00 AM,0.99,kWh,
Electric usage,2016-02-02,02:00:00 AM,02:59:00 AM,0.92,kWh,
Electric usage,2016-02-02,03:00:00 AM,03:59:00 AM,1,kWh,
Electric usage,2016-02-02,04:00:00 AM,04:59:00 AM,1.09,kWh,
Electric usage,2016-02-02,05:00:00 AM,05:59:00 AM,1.23,kWh,
Electric usage,2016-02-02,06:00:00 AM,06:59:00 AM,1.18,kWh,
Electric usage,2016-02-02,07:00:00 AM,07:59:00 AM,1.02,kWh,
Electric usage,2016-02-02,08:00:00 AM,08:59:00 AM,0.86,kWh,
Electric usage,2016-02-02,09:00:00 AM,09:59:00 AM,0.4,kWh,
Electric usage,2016-02-02,10:00:00 AM,10:59:00 AM,0.56,kWh,
Electric usage,2016-02-02,11:00:00 AM,11:59:00 AM,-0.73,kWh,
Electric usage,2016-02-02,12:00:00 PM,12:59:00 PM,-2.78,kWh,
Electric usage,2016-02-02,01:00:00 PM,01:59:00 PM,-0.68,kWh,
Electric usage,2016-02-02,02:00:00 PM,02:59:00 PM,-0.2,kWh,
Electric usage,2016-02-02,03:00:00 PM,03:59:00 PM,0.79,kWh,
Electric usage,2016-02-02,04:00:00 PM,04:59:00 PM,1.21,kWh,
Electric usage,2016-02-02,05:00:00 PM,05:59:00 PM,1.33,kWh,
Electric usage,2016-02-02,06:00:00 PM,06:59:00 PM,1.33,kWh,
Electric usage,2016-02-02,07:00:00 PM,07:59:00 PM,0.96,kWh,
Electric usage,2016-02-02,08:00:00 PM,08:59:00 PM,0.94,kWh,
Electric usage,2016-02-02,09:00:00 PM,09:59:00 PM,1.12,kWh,
Electric usage,2016-02-02,10:00:00 PM,10:59:00 PM,1.28,kWh,
Electric usage,2016-02-02,11:00:00 PM,11:59:00 PM,0.89,kWh,
Electric usage,2016-02-03,12:00:00 AM,12:59:00 AM,0.7,kWh,
Electric usage,2016-02-03,01:00:00 AM,01:59:00 AM,0.64,kWh,
Electric usage,2016-02-03,02:00:00 AM,02:59:00 AM,0.72,kWh,
Electric usage,2016-02-03,03:00:00 AM,03:59:00 AM,0.74,kWh,
Electric usage,2016-02-03,04:00:00 AM,04:59:00 AM,0.79,kWh,
Electric usage,2016-02-03,05:00:00 AM,05:59:00 AM,0.9,kWh,
Electric usage,2016-02-03,06:00:00 AM,06:59:00 AM,1.1,kWh,
Electric usage,2016-02-03,07:00:00 AM,07:59:00 AM,1.63,kWh,
Electric usage,2016-02-03,08:00:00 AM,08:59:00 AM,1.48,kWh,
Electric usage,2016-02-03,09:00:00 AM,09:59:00 AM,0.2,kWh,
Electric usage,2016-02-03,10:00:00 AM,10:59:00 AM,-0.94,kWh,
Electric usage,2016-02-03,11:00:00 AM,11:59:00 AM,-2.28,kWh,
Electric usage,2016-02-03,12:00:00 PM,12:59:00 PM,-0.87,kWh,
Electric usage,2016-02-03,01:00:00 PM,01:59:00 PM,-0.28,kWh,
Electric usage,2016-02-03,02:00:00 PM,02:59:00 PM,-0.25,kWh,
Electric usage,2016-02-03,03:00:00 PM,03:59:00 PM,0.45,kWh,
Electric usage,2016-02-03,04:00:00 PM,04:59:00 PM,0.99,kWh,
Electric usage,2016-02-03,05:00:00 PM,05:59:00 PM,1.11,kWh,
Electric usage,2016-02-03,06:00:00 PM,06:59:00 PM,1.14,kWh,
Electric usage,2016-02-03,07:00:00 PM,07:59:00 PM,0.88,kWh,
Electric usage,2016-02-03,08:00:00 PM,08:59:00 PM,0.98,kWh,
Electric usage,2016-02-03,09:00:00 PM,09:59:00 PM,1.07,kWh,
Electric usage,2016-02-03,10:00:00 PM,10:59:00 PM,1.02,kWh,
Electric usage,2016-02-03,11:00:00 PM,11:59:00 PM,1.08,kWh,
Electric usage,2016-02-04,12:00:00 AM,12:59:00 AM,0.86,kWh,
Electric usage,2016-02-04,01:00:00 AM,01:59:00 AM,0.72,kWh,
Electric usage,2016-02-04,02:00:00 AM,02:59:00 AM,0.58,kWh,
Electric usage,2016-02-04,03:00:00 AM,03:59:00 AM,0.63,kWh,
Electric usage,2016-02-04,04:00:00 AM,04:59:00 AM,0.76,kWh,
Electric usage,2016-02-04,05:00:00 AM,05:59:00 AM,1.05,kWh,
Electric usage,2016-02-04,06:00:00 AM,06:59:00 AM,0.97,kWh,
Electric usage,2016-02-04,07:00:00 AM,07:59:00 AM,0.86,kWh,
Electric usage,2016-02-04,08:00:00 AM,08:59:00 AM,0.77,kWh,
Electric usage,2016-02-04,09:00:00 AM,09:59:00 AM,-0.1,kWh,
Electric usage,2016-02-04,10:00:00 AM,10:59:00 AM,-2.07,kWh,
Electric usage,2016-02-04,11:00:00 AM,11:59:00 AM,-2.92,kWh,
Electric usage,2016-02-04,12:00:00 PM,12:59:00 PM,-4,kWh,
Electric usage,2016-02-04,01:00:00 PM,01:59:00 PM,-2.85,kWh,
Electric usage,2016-02-04,02:00:00 PM,02:59:00 PM,-1.46,kWh,
Electric usage,2016-02-04,03:00:00 PM,03:59:00 PM,-0.39,kWh,
Electric usage,2016-02-04,04:00:00 PM,04:59:00 PM,0.58,kWh,
Electric usage,2016-02-04,05:00:00 PM,05:59:00 PM,1.17,kWh,
Electric usage,2016-02-04,06:00:00 PM,06:59:00 PM,1.43,kWh,
Electric usage,2016-02-04,07:00:00 PM,07:59:00 PM,2.09,kWh,
Electric usage,2016-02-04,08:00:00 PM,08:59:00 PM,2.18,kWh,
Electric usage,2016-02-04,09:00:00 PM,09:59:00 PM,1.32,kWh,
Electric usage,2016-02-04,10:00:00 PM,10:59:00 PM,1.2,kWh,
Electric usage,2016-02-04,11:00:00 PM,11:59:00 PM,0.94,kWh,
Electric usage,2016-02-05,12:00:00 AM,12:59:00 AM,0.73,kWh,
Electric usage,2016-02-05,01:00:00 AM,01:59:00 AM,0.64,kWh,
Electric usage,2016-02-05,02:00:00 AM,02:59:00 AM,0.73,kWh,
Electric usage,2016-02-05,03:00:00 AM,03:59:00 AM,0.75,kWh,
Electric usage,2016-02-05,04:00:00 AM,04:59:00 AM,0.66,kWh,
Electric usage,2016-02-05,05:00:00 AM,05:59:00 AM,0.98,kWh,
Electric usage,2016-02-05,06:00:00 AM,06:59:00 AM,1.13,kWh,
Electric usage,2016-02-05,07:00:00 AM,07:59:00 AM,0.95,kWh,
Electric usage,2016-02-05,08:00:00 AM,08:59:00 AM,0.85,kWh,
Electric usage,2016-02-05,09:00:00 AM,09:59:00 AM,-0.19,kWh,
Electric usage,2016-02-05,10:00:00 AM,10:59:00 AM,-2.28,kWh,
Electric usage,2016-02-05,11:00:00 AM,11:59:00 AM,-3.59,kWh,
Electric usage,2016-02-05,12:00:00 PM,12:59:00 PM,-3.35,kWh,
Electric usage,2016-02-05,01:00:00 PM,01:59:00 PM,-3.32,kWh,
Electric usage,2016-02-05,02:00:00 PM,02:59:00 PM,-2.55,kWh,
Electric usage,2016-02-05,03:00:00 PM,03:59:00 PM,-0.94,kWh,
Electric usage,2016-02-05,04:00:00 PM,04:59:00 PM,0.54,kWh,
Electric usage,2016-02-05,05:00:00 PM,05:59:00 PM,1,kWh,
Electric usage,2016-02-05,06:00:00 PM,06:59:00 PM,1.16,kWh,
Electric usage,2016-02-05,07:00:00 PM,07:59:00 PM,1.15,kWh,
Electric usage,2016-02-05,08:00:00 PM,08:59:00 PM,1.2,kWh,
Electric usage,2016-02-05,09:00:00 PM,09:59:00 PM,1.35,kWh,
Electric usage,2016-02-05,10:00:00 PM,10:59:00 PM,1.22,kWh,
Electric usage,2016-02-05,11:00:00 PM,11:59:00 PM,0.83,kWh,
Electric usage,2016-02-06,12:00:00 AM,12:59:00 AM,0.7,kWh,
Electric usage,2016-02-06,01:00:00 AM,01:59:00 AM,0.61,kWh,
Electric usage,2016-02-06,02:00:00 AM,02:59:00 AM,0.76,kWh,
Electric usage,2016-02-06,03:00:00 AM,03:59:00 AM,0.77,kWh,
Electric usage,2016-02-06,04:00:00 AM,04:59:00 AM,0.74,kWh,
Electric usage,2016-02-06,05:00:00 AM,05:59:00 AM,0.71,kWh,
Electric usage,2016-02-06,06:00:00 AM,06:59:00 AM,0.67,kWh,
Electric usage,2016-02-06,07:00:00 AM,07:59:00 AM,0.85,kWh,
Electric usage,2016-02-06,08:00:00 AM,08:59:00 AM,0.98,kWh,
Electric usage,2016-02-06,09:00:00 AM,09:59:00 AM,0.66,kWh,
Electric usage,2016-02-06,10:00:00 AM,10:59:00 AM,-1.7,kWh,
Electric usage,2016-02-06,11:00:00 AM,11:59:00 AM,-2.51,kWh,
Electric usage,2016-02-06,12:00:00 PM,12:59:00 PM,-2.05,kWh,
Electric usage,2016-02-06,01:00:00 PM,01:59:00 PM,-2.34,kWh,
Electric usage,2016-02-06,02:00:00 PM,02:59:00 PM,-1.21,kWh,
Electric usage,2016-02-06,03:00:00 PM,03:59:00 PM,-0.17,kWh,
Electric usage,2016-02-06,04:00:00 PM,04:59:00 PM,0.54,kWh,
Electric usage,2016-02-06,05:00:00 PM,05:59:00 PM,1.1,kWh,
Electric usage,2016-02-06,06:00:00 PM,06:59:00 PM,1.25,kWh,
Electric usage,2016-02-06,07:00:00 PM,07:59:00 PM,1.15,kWh,
Electric usage,2016-02-06,08:00:00 PM,08:59:00 PM,1.08,kWh,
Electric usage,2016-02-06,09:00:00 PM,09:59:00 PM,1.05,kWh,
Electric usage,2016-02-06,10:00:00 PM,10:59:00 PM,0.88,kWh,
Electric usage,2016-02-06,11:00:00 PM,11:59:00 PM,0.8,kWh,
Electric usage,2016-02-07,12:00:00 AM,12:59:00 AM,0.77,kWh,
Electric usage,2016-02-07,01:00:00 AM,01:59:00 AM,0.63,kWh,
Electric usage,2016-02-07,02:00:00 AM,02:59:00 AM,0.69,kWh,
Electric usage,2016-02-07,03:00:00 AM,03:59:00 AM,0.69,kWh,
Electric usage,2016-02-07,04:00:00 AM,04:59:00 AM,0.77,kWh,
Electric usage,2016-02-07,05:00:00 AM,05:59:00 AM,0.77,kWh,
Electric usage,2016-02-07,06:00:00 AM,06:59:00 AM,0.73,kWh,
Electric usage,2016-02-07,07:00:00 AM,07:59:00 AM,0.96,kWh,
Electric usage,2016-02-07,08:00:00 AM,08:59:00 AM,0.94,kWh,
Electric usage,2016-02-07,09:00:00 AM,09:59:00 AM,0.59,kWh,
Electric usage,2016-02-07,10:00:00 AM,10:59:00 AM,-1.5,kWh,
Electric usage,2016-02-07,11:00:00 AM,11:59:00 AM,-2.63,kWh,
Electric usage,2016-02-07,12:00:00 PM,12:59:00 PM,-3.73,kWh,
Electric usage,2016-02-07,01:00:00 PM,01:59:00 PM,-3.33,kWh,
Electric usage,2016-02-07,02:00:00 PM,02:59:00 PM,-1.63,kWh,
Electric usage,2016-02-07,03:00:00 PM,03:59:00 PM,-0.77,kWh,
Electric usage,2016-02-07,04:00:00 PM,04:59:00 PM,0.68,kWh,
Electric usage,2016-02-07,05:00:00 PM,05:59:00 PM,1.19,kWh,
Electric usage,2016-02-07,06:00:00 PM,06:59:00 PM,1.84,kWh,
Electric usage,2016-02-07,07:00:00 PM,07:59:00 PM,1.12,kWh,
Electric usage,2016-02-07,08:00:00 PM,08:59:00 PM,1.03,kWh,
Electric usage,2016-02-07,09:00:00 PM,09:59:00 PM,1.69,kWh,
Electric usage,2016-02-07,10:00:00 PM,10:59:00 PM,1.47,kWh,
Electric usage,2016-02-07,11:00:00 PM,11:59:00 PM,1.2,kWh,
Electric usage,2016-02-08,12:00:00 AM,12:59:00 AM,0.75,kWh,
Electric usage,2016-02-08,01:00:00 AM,01:59:00 AM,0.66,kWh,
Electric usage,2016-02-08,02:00:00 AM,02:59:00 AM,0.82,kWh,
Electric usage,2016-02-08,03:00:00 AM,03:59:00 AM,0.8,kWh,
Electric usage,2016-02-08,04:00:00 AM,04:59:00 AM,0.77,kWh,
Electric usage,2016-02-08,05:00:00 AM,05:59:00 AM,0.89,kWh,
Electric usage,2016-02-08,06:00:00 AM,06:59:00 AM,0.85,kWh,
Electric usage,2016-02-08,07:00:00 AM,07:59:00 AM,0.76,kWh,
Electric usage,2016-02-08,08:00:00 AM,08:59:00 AM,1.07,kWh,
Electric usage,2016-02-08,09:00:00 AM,09:59:00 AM,-0.1,kWh,
Electric usage,2016-02-08,10:00:00 AM,10:59:00 AM,-2.62,kWh,
Electric usage,2016-02-08,11:00:00 AM,11:59:00 AM,-3.91,kWh,
Electric usage,2016-02-08,12:00:00 PM,12:59:00 PM,-4.1,kWh,
Electric usage,2016-02-08,01:00:00 PM,01:59:00 PM,-3.61,kWh,
Electric usage,2016-02-08,02:00:00 PM,02:59:00 PM,-2.89,kWh,
Electric usage,2016-02-08,03:00:00 PM,03:59:00 PM,-1.19,kWh,
Electric usage,2016-02-08,04:00:00 PM,04:59:00 PM,0.6,kWh,
Electric usage,2016-02-08,05:00:00 PM,05:59:00 PM,1.18,kWh,
Electric usage,2016-02-08,06:00:00 PM,06:59:00 PM,1.25,kWh,
Electric usage,2016-02-08,07:00:00 PM,07:59:00 PM,1.1,kWh,
Electric usage,2016-02-08,08:00:00 PM,08:59:00 PM,2.44,kWh,
Electric usage,2016-02-08,09:00:00 PM,09:59:00 PM,1.4,kWh,
Electric usage,2016-02-08,10:00:00 PM,10:59:00 PM,1.03,kWh,
Electric usage,2016-02-08,11:00:00 PM,11:59:00 PM,0.88,kWh,
Electric usage,2016-02-09,12:00:00 AM,12:59:00 AM,0.76,kWh,
Electric usage,2016-02-09,01:00:00 AM,01:59:00 AM,0.7,kWh,
Electric usage,2016-02-09,02:00:00 AM,02:59:00 AM,0.69,kWh,
Electric usage,2016-02-09,03:00:00 AM,03:59:00 AM,0.67,kWh,
Electric usage,2016-02-09,04:00:00 AM,04:59:00 AM,0.68,kWh,
Electric usage,2016-02-09,05:00:00 AM,05:59:00 AM,0.89,kWh,
Electric usage,2016-02-09,06:00:00 AM,06:59:00 AM,0.88,kWh,
Electric usage,2016-02-09,07:00:00 AM,07:59:00 AM,0.88,kWh,
Electric usage,2016-02-09,08:00:00 AM,08:59:00 AM,0.91,kWh,
Electric usage,2016-02-09,09:00:00 AM,09:59:00 AM,0.33,kWh,
Electric usage,2016-02-09,10:00:00 AM,10:59:00 AM,-1.76,kWh,
Electric usage,2016-02-09,11:00:00 AM,11:59:00 AM,-2.11,kWh,
Electric usage,2016-02-09,12:00:00 PM,12:59:00 PM,-3,kWh,
Electric usage,2016-02-09,01:00:00 PM,01:59:00 PM,-1.61,kWh,
Electric usage,2016-02-09,02:00:00 PM,02:59:00 PM,-0.44,kWh,
Electric usage,2016-02-09,03:00:00 PM,03:59:00 PM,0.13,kWh,
Electric usage,2016-02-09,04:00:00 PM,04:59:00 PM,1.32,kWh,
Electric usage,2016-02-09,05:00:00 PM,05:59:00 PM,1.69,kWh,
Electric usage,2016-02-09,06:00:00 PM,06:59:00 PM,1.1,kWh,
Electric usage,2016-02-09,07:00:00 PM,07:59:00 PM,0.99,kWh,
Electric usage,2016-02-09,08:00:00 PM,08:59:00 PM,0.98,kWh,
Electric usage,2016-02-09,09:00:00 PM,09:59:00 PM,1.25,kWh,
Electric usage,2016-02-09,10:00:00 PM,10:59:00 PM,1.02,kWh,
Electric usage,2016-02-09,11:00:00 PM,11:59:00 PM,0.89,kWh,
Electric usage,2016-02-10,12:00:00 AM,12:59:00 AM,0.59,kWh,
Electric usage,2016-02-10,01:00:00 AM,01:59:00 AM,0.63,kWh,
Electric usage,2016-02-10,02:00:00 AM,02:59:00 AM,0.72,kWh,
Electric usage,2016-02-10,03:00:00 AM,03:59:00 AM,0.76,kWh,
Electric usage,2016-02-10,04:00:00 AM,04:59:00 AM,0.77,kWh,
Electric usage,2016-02-10,05:00:00 AM,05:59:00 AM,0.87,kWh,
Electric usage,2016-02-10,06:00:00 AM,06:59:00 AM,0.79,kWh,
Electric usage,2016-02-10,07:00:00 AM,07:59:00 AM,0.59,kWh,
Electric usage,2016-02-10,08:00:00 AM,08:59:00 AM,0.63,kWh,
Electric usage,2016-02-10,09:00:00 AM,09:59:00 AM,0.02,kWh,
Electric usage,2016-02-10,10:00:00 AM,10:59:00 AM,-1.83,kWh,
Electric usage,2016-02-10,11:00:00 AM,11:59:00 AM,-3.29,kWh,
Electric usage,2016-02-10,12:00:00 PM,12:59:00 PM,-3.14,kWh,
Electric usage,2016-02-10,01:00:00 PM,01:59:00 PM,-3.02,kWh,
Electric usage,2016-02-10,02:00:00 PM,02:59:00 PM,-1.5,kWh,
Electric usage,2016-02-10,03:00:00 PM,03:59:00 PM,-1.01,kWh,
Electric usage,2016-02-10,04:00:00 PM,04:59:00 PM,0.47,kWh,
Electric usage,2016-02-10,05:00:00 PM,05:59:00 PM,0.95,kWh,
Electric usage,2016-02-10,06:00:00 PM,06:59:00 PM,1.03,kWh,
Electric usage,2016-02-10,07:00:00 PM,07:59:00 PM,1.08,kWh,
Electric usage,2016-02-10,08:00:00 PM,08:59:00 PM,1.21,kWh,
Electric usage,2016-02-10,09:00:00 PM,09:59:00 PM,1.06,kWh,
Electric usage,2016-02-10,10:00:00 PM,10:59:00 PM,0.96,kWh,
Electric usage,2016-02-10,11:00:00 PM,11:59:00 PM,0.82,kWh,
Electric usage,2016-02-11,12:00:00 AM,12:59:00 AM,0.72,kWh,
Electric usage,2016-02-11,01:00:00 AM,01:59:00 AM,0.79,kWh,
Electric usage,2016-02-11,02:00:00 AM,02:59:00 AM,0.78,kWh,
Electric usage,2016-02-11,03:00:00 AM,03:59:00 AM,0.68,kWh,
Electric usage,2016-02-11,04:00:00 AM,04:59:00 AM,0.62,kWh,
Electric usage,2016-02-11,05:00:00 AM,05:59:00 AM,0.81,kWh,
Electric usage,2016-02-11,06:00:00 AM,06:59:00 AM,1,kWh,
Electric usage,2016-02-11,07:00:00 AM,07:59:00 AM,0.93,kWh,
Electric usage,2016-02-11,08:00:00 AM,08:59:00 AM,0.59,kWh,
Electric usage,2016-02-11,09:00:00 AM,09:59:00 AM,-0.25,kWh,
Electric usage,2016-02-11,10:00:00 AM,10:59:00 AM,-2.5,kWh,
Electric usage,2016-02-11,11:00:00 AM,11:59:00 AM,-2.43,kWh,
Electric usage,2016-02-11,12:00:00 PM,12:59:00 PM,-1.91,kWh,
Electric usage,2016-02-11,01:00:00 PM,01:59:00 PM,-2.4,kWh,
Electric usage,2016-02-11,02:00:00 PM,02:59:00 PM,-1.76,kWh,
Electric usage,2016-02-11,03:00:00 PM,03:59:00 PM,-0.81,kWh,
Electric usage,2016-02-11,04:00:00 PM,04:59:00 PM,0.63,kWh,
Electric usage,2016-02-11,05:00:00 PM,05:59:00 PM,1.15,kWh,
Electric usage,2016-02-11,06:00:00 PM,06:59:00 PM,1.21,kWh,
Electric usage,2016-02-11,07:00:00 PM,07:59:00 PM,1.14,kWh,
Electric usage,2016-02-11,08:00:00 PM,08:59:00 PM,1.09,kWh,
Electric usage,2016-02-11,09:00:00 PM,09:59:00 PM,1.1,kWh,
Electric usage,2016-02-11,10:00:00 PM,10:59:00 PM,1.13,kWh,
Electric usage,2016-02-11,11:00:00 PM,11:59:00 PM,1.03,kWh,
Electric usage,2016-02-12,12:00:00 AM,12:59:00 AM,0.78,kWh,
Electric usage,2016-02-12,01:00:00 AM,01:59:00 AM,0.78,kWh,
Electric usage,2016-02-12,02:00:00 AM,02:59:00 AM,0.76,kWh,
Electric usage,2016-02-12,03:00:00 AM,03:59:00 AM,0.8,kWh,
Electric usage,2016-02-12,04:00:00 AM,04:59:00 AM,0.82,kWh,
Electric usage,2016-02-12,05:00:00 AM,05:59:00 AM,1.02,kWh,
Electric usage,2016-02-12,06:00:00 AM,06:59:00 AM,0.97,kWh,
Electric usage,2016-02-12,07:00:00 AM,07:59:00 AM,0.83,kWh,
Electric usage,2016-02-12,08:00:00 AM,08:59:00 AM,0.63,kWh,
Electric usage,2016-02-12,09:00:00 AM,09:59:00 AM,-0.38,kWh,
Electric usage,2016-02-12,10:00:00 AM,10:59:00 AM,-1.64,kWh,
Electric usage,2016-02-12,11:00:00 AM,11:59:00 AM,-3.24,kWh,
Electric usage,2016-02-12,12:00:00 PM,12:59:00 PM,-3.74,kWh,
Electric usage,2016-02-12,01:00:00 PM,01:59:00 PM,-2.67,kWh,
Electric usage,2016-02-12,02:00:00 PM,02:59:00 PM,-2.23,kWh,
Electric usage,2016-02-12,03:00:00 PM,03:59:00 PM,-0.76,kWh,
Electric usage,2016-02-12,04:00:00 PM,04:59:00 PM,0.46,kWh,
Electric usage,2016-02-12,05:00:00 PM,05:59:00 PM,1.08,kWh,
Electric usage,2016-02-12,06:00:00 PM,06:59:00 PM,1.08,kWh,
Electric usage,2016-02-12,07:00:00 PM,07:59:00 PM,1.13,kWh,
Electric usage,2016-02-12,08:00:00 PM,08:59:00 PM,1.15,kWh,
Electric usage,2016-02-12,09:00:00 PM,09:59:00 PM,1.07,kWh,
Electric usage,2016-02-12,10:00:00 PM,10:59:00 PM,0.99,kWh,
Electric usage,2016-02-12,11:00:00 PM,11:59:00 PM,0.9,kWh,
Electric usage,2016-02-13,12:00:00 AM,12:59:00 AM,0.75,kWh,
Electric usage,2016-02-13,01:00:00 AM,01:59:00 AM,0.76,kWh,
Electric usage,2016-02-13,02:00:00 AM,02:59:00 AM,0.78,kWh,
Electric usage,2016-02-13,03:00:00 AM,03:59:00 AM,0.78,kWh,
Electric usage,2016-02-13,04:00:00 AM,04:59:00 AM,0.62,kWh,
Electric usage,2016-02-13,05:00:00 AM,05:59:00 AM,0.59,kWh,
Electric usage,2016-02-13,06:00:00 AM,06:59:00 AM,0.68,kWh,
Electric usage,2016-02-13,07:00:00 AM,07:59:00 AM,0.92,kWh,
Electric usage,2016-02-13,08:00:00 AM,08:59:00 AM,0.99,kWh,
Electric usage,2016-02-13,09:00:00 AM,09:59:00 AM,-0.38,kWh,
Electric usage,2016-02-13,10:00:00 AM,10:59:00 AM,-2.81,kWh,
Electric usage,2016-02-13,11:00:00 AM,11:59:00 AM,-3.88,kWh,
Electric usage,2016-02-13,12:00:00 PM,12:59:00 PM,-3.89,kWh,
Electric usage,2016-02-13,01:00:00 PM,01:59:00 PM,-3.48,kWh,
Electric usage,2016-02-13,02:00:00 PM,02:59:00 PM,-2.53,kWh,
Electric usage,2016-02-13,03:00:00 PM,03:59:00 PM,-0.94,kWh,
Electric usage,2016-02-13,04:00:00 PM,04:59:00 PM,0.49,kWh,
Electric usage,2016-02-13,05:00:00 PM,05:59:00 PM,1.16,kWh,
Electric usage,2016-02-13,06:00:00 PM,06:59:00 PM,1.2,kWh,
Electric usage,2016-02-13,07:00:00 PM,07:59:00 PM,1.15,kWh,
Electric usage,2016-02-13,08:00:00 PM,08:59:00 PM,0.9,kWh,
Electric usage,2016-02-13,09:00:00 PM,09:59:00 PM,0.97,kWh,
Electric usage,2016-02-13,10:00:00 PM,10:59:00 PM,0.99,kWh,
Electric usage,2016-02-13,11:00:00 PM,11:59:00 PM,0.93,kWh,
Electric usage,2016-02-14,12:00:00 AM,12:59:00 AM,0.87,kWh,
Electric usage,2016-02-14,01:00:00 AM,01:59:00 AM,0.8,kWh,
Electric usage,2016-02-14,02:00:00 AM,02:59:00 AM,0.68,kWh,
Electric usage,2016-02-14,03:00:00 AM,03:59:00 AM,0.64,kWh,
Electric usage,2016-02-14,04:00:00 AM,04:59:00 AM,0.62,kWh,
Electric usage,2016-02-14,05:00:00 AM,05:59:00 AM,0.78,kWh,
Electric usage,2016-02-14,06:00:00 AM,06:59:00 AM,0.84,kWh,
Electric usage,2016-02-14,07:00:00 AM,07:59:00 AM,0.8,kWh,
Electric usage,2016-02-14,08:00:00 AM,08:59:00 AM,0.62,kWh,
Electric usage,2016-02-14,09:00:00 AM,09:59:00 AM,-0.39,kWh,
Electric usage,2016-02-14,10:00:00 AM,10:59:00 AM,-1.96,kWh,
Electric usage,2016-02-14,11:00:00 AM,11:59:00 AM,-3.44,kWh,
Electric usage,2016-02-14,12:00:00 PM,12:59:00 PM,-3.75,kWh,
Electric usage,2016-02-14,01:00:00 PM,01:59:00 PM,-3,kWh,
Electric usage,2016-02-14,02:00:00 PM,02:59:00 PM,-1.88,kWh,
Electric usage,2016-02-14,03:00:00 PM,03:59:00 PM,0.07,kWh,
Electric usage,2016-02-14,04:00:00 PM,04:59:00 PM,1.11,kWh,
Electric usage,2016-02-14,05:00:00 PM,05:59:00 PM,1.85,kWh,
Electric usage,2016-02-14,06:00:00 PM,06:59:00 PM,1.91,kWh,
Electric usage,2016-02-14,07:00:00 PM,07:59:00 PM,1.31,kWh,
Electric usage,2016-02-14,08:00:00 PM,08:59:00 PM,1.18,kWh,
Electric usage,2016-02-14,09:00:00 PM,09:59:00 PM,0.99,kWh,
Electric usage,2016-02-14,10:00:00 PM,10:59:00 PM,0.92,kWh,
Electric usage,2016-02-14,11:00:00 PM,11:59:00 PM,0.88,kWh,
Electric usage,2016-02-15,12:00:00 AM,12:59:00 AM,0.8,kWh,
Electric usage,2016-02-15,01:00:00 AM,01:59:00 AM,0.82,kWh,
Electric usage,2016-02-15,02:00:00 AM,02:59:00 AM,0.75,kWh,
Electric usage,2016-02-15,03:00:00 AM,03:59:00 AM,0.68,kWh,
Electric usage,2016-02-15,04:00:00 AM,04:59:00 AM,0.66,kWh,
Electric usage,2016-02-15,05:00:00 AM,05:59:00 AM,0.7,kWh,
Electric usage,2016-02-15,06:00:00 AM,06:59:00 AM,0.75,kWh,
Electric usage,2016-02-15,07:00:00 AM,07:59:00 AM,0.68,kWh,
Electric usage,2016-02-15,08:00:00 AM,08:59:00 AM,0.85,kWh,
Electric usage,2016-02-15,09:00:00 AM,09:59:00 AM,-0.69,kWh,
Electric usage,2016-02-15,10:00:00 AM,10:59:00 AM,-2.69,kWh,
Electric usage,2016-02-15,11:00:00 AM,11:59:00 AM,-3.91,kWh,
Electric usage,2016-02-15,12:00:00 PM,12:59:00 PM,-3.98,kWh,
Electric usage,2016-02-15,01:00:00 PM,01:59:00 PM,-3.6,kWh,
Electric usage,2016-02-15,02:00:00 PM,02:59:00 PM,-2.93,kWh,
Electric usage,2016-02-15,03:00:00 PM,03:59:00 PM,-1.12,kWh,
Electric usage,2016-02-15,04:00:00 PM,04:59:00 PM,0.67,kWh,
Electric usage,2016-02-15,05:00:00 PM,05:59:00 PM,1.02,kWh,
Electric usage,2016-02-15,06:00:00 PM,06:59:00 PM,1.11,kWh,
Electric usage,2016-02-15,07:00:00 PM,07:59:00 PM,1.15,kWh,
Electric usage,2016-02-15,08:00:00 PM,08:59:00 PM,1.22,kWh,
Electric usage,2016-02-15,09:00:00 PM,09:59:00 PM,0.89,kWh,
Electric usage,2016-02-15,10:00:00 PM,10:59:00 PM,0.91,kWh,
Electric usage,2016-02-15,11:00:00 PM,11:59:00 PM,0.79,kWh,
Electric usage,2016-02-16,12:00:00 AM,12:59:00 AM,0.82,kWh,
Electric usage,2016-02-16,01:00:00 AM,01:59:00 AM,0.79,kWh,
Electric usage,2016-02-16,02:00:00 AM,02:59:00 AM,0.83,kWh,
Electric usage,2016-02-16,03:00:00 AM,03:59:00 AM,0.69,kWh,
Electric usage,2016-02-16,04:00:00 AM,04:59:00 AM,0.65,kWh,
Electric usage,2016-02-16,05:00:00 AM,05:59:00 AM,0.71,kWh,
Electric usage,2016-02-16,06:00:00 AM,06:59:00 AM,0.84,kWh,
Electric usage,2016-02-16,07:00:00 AM,07:59:00 AM,0.84,kWh,
Electric usage,2016-02-16,08:00:00 AM,08:59:00 AM,1,kWh,
Electric usage,2016-02-16,09:00:00 AM,09:59:00 AM,-0.79,kWh,
Electric usage,2016-02-16,10:00:00 AM,10:59:00 AM,-2.75,kWh,
Electric usage,2016-02-16,11:00:00 AM,11:59:00 AM,-3.79,kWh,
Electric usage,2016-02-16,12:00:00 PM,12:59:00 PM,-3.95,kWh,
Electric usage,2016-02-16,01:00:00 PM,01:59:00 PM,-3.6,kWh,
Electric usage,2016-02-16,02:00:00 PM,02:59:00 PM,-2.74,kWh,
Electric usage,2016-02-16,03:00:00 PM,03:59:00 PM,-0.95,kWh,
Electric usage,2016-02-16,04:00:00 PM,04:59:00 PM,0.5,kWh,
Electric usage,2016-02-16,05:00:00 PM,05:59:00 PM,1.12,kWh,
Electric usage,2016-02-16,06:00:00 PM,06:59:00 PM,1.25,kWh,
Electric usage,2016-02-16,07:00:00 PM,07:59:00 PM,1.21,kWh,
Electric usage,2016-02-16,08:00:00 PM,08:59:00 PM,1.21,kWh,
Electric usage,2016-02-16,09:00:00 PM,09:59:00 PM,1.04,kWh,
Electric usage,2016-02-16,10:00:00 PM,10:59:00 PM,1.06,kWh,
Electric usage,2016-02-16,11:00:00 PM,11:59:00 PM,0.86,kWh,
Electric usage,2016-02-17,12:00:00 AM,12:59:00 AM,0.77,kWh,
Electric usage,2016-02-17,01:00:00 AM,01:59:00 AM,0.69,kWh,
Electric usage,2016-02-17,02:00:00 AM,02:59:00 AM,0.89,kWh,
Electric usage,2016-02-17,03:00:00 AM,03:59:00 AM,0.81,kWh,
Electric usage,2016-02-17,04:00:00 AM,04:59:00 AM,0.77,kWh,
Electric usage,2016-02-17,05:00:00 AM,05:59:00 AM,0.73,kWh,
Electric usage,2016-02-17,06:00:00 AM,06:59:00 AM,0.67,kWh,
Electric usage,2016-02-17,07:00:00 AM,07:59:00 AM,0.79,kWh,
Electric usage,2016-02-17,08:00:00 AM,08:59:00 AM,0.91,kWh,
Electric usage,2016-02-17,09:00:00 AM,09:59:00 AM,0.97,kWh,
Electric usage,2016-02-17,10:00:00 AM,10:59:00 AM,0.32,kWh,
Electric usage,2016-02-17,11:00:00 AM,11:59:00 AM,-0.66,kWh,
Electric usage,2016-02-17,12:00:00 PM,12:59:00 PM,-0.8,kWh,
Electric usage,2016-02-17,01:00:00 PM,01:59:00 PM,-0.81,kWh,
Electric usage,2016-02-17,02:00:00 PM,02:59:00 PM,0.3,kWh,
Electric usage,2016-02-17,03:00:00 PM,03:59:00 PM,0.6,kWh,
Electric usage,2016-02-17,04:00:00 PM,04:59:00 PM,0.92,kWh,
Electric usage,2016-02-17,05:00:00 PM,05:59:00 PM,1.01,kWh,
Electric usage,2016-02-17,06:00:00 PM,06:59:00 PM,0.96,kWh,
Electric usage,2016-02-17,07:00:00 PM,07:59:00 PM,1,kWh,
Electric usage,2016-02-17,08:00:00 PM,08:59:00 PM,1.07,kWh,
Electric usage,2016-02-17,09:00:00 PM,09:59:00 PM,1.19,kWh,
Electric usage,2016-02-17,10:00:00 PM,10:59:00 PM,1.11,kWh,
Electric usage,2016-02-17,11:00:00 PM,11:59:00 PM,0.83,kWh,
Electric usage,2016-02-18,12:00:00 AM,12:59:00 AM,0.65,kWh,
Electric usage,2016-02-18,01:00:00 AM,01:59:00 AM,0.69,kWh,
Electric usage,2016-02-18,02:00:00 AM,02:59:00 AM,0.79,kWh,
Electric usage,2016-02-18,03:00:00 AM,03:59:00 AM,0.71,kWh,
Electric usage,2016-02-18,04:00:00 AM,04:59:00 AM,0.68,kWh,
Electric usage,2016-02-18,05:00:00 AM,05:59:00 AM,0.88,kWh,
Electric usage,2016-02-18,06:00:00 AM,06:59:00 AM,0.8,kWh,
Electric usage,2016-02-18,07:00:00 AM,07:59:00 AM,0.77,kWh,
Electric usage,2016-02-18,08:00:00 AM,08:59:00 AM,0.55,kWh,
Electric usage,2016-02-18,09:00:00 AM,09:59:00 AM,0.08,kWh,
Electric usage,2016-02-18,10:00:00 AM,10:59:00 AM,-1.32,kWh,
Electric usage,2016-02-18,11:00:00 AM,11:59:00 AM,-3.11,kWh,
Electric usage,2016-02-18,12:00:00 PM,12:59:00 PM,-0.8,kWh,
Electric usage,2016-02-18,01:00:00 PM,01:59:00 PM,-0.17,kWh,
Electric usage,2016-02-18,02:00:00 PM,02:59:00 PM,-0.24,kWh,
Electric usage,2016-02-18,03:00:00 PM,03:59:00 PM,-0.51,kWh,
Electric usage,2016-02-18,04:00:00 PM,04:59:00 PM,0.64,kWh,
Electric usage,2016-02-18,05:00:00 PM,05:59:00 PM,0.93,kWh,
Electric usage,2016-02-18,06:00:00 PM,06:59:00 PM,1.1,kWh,
Electric usage,2016-02-18,07:00:00 PM,07:59:00 PM,2.05,kWh,
Electric usage,2016-02-18,08:00:00 PM,08:59:00 PM,1.3,kWh,
Electric usage,2016-02-18,09:00:00 PM,09:59:00 PM,1.14,kWh,
Electric usage,2016-02-18,10:00:00 PM,10:59:00 PM,1.1,kWh,
Electric usage,2016-02-18,11:00:00 PM,11:59:00 PM,0.98,kWh,
Electric usage,2016-02-19,12:00:00 AM,12:59:00 AM,0.66,kWh,
Electric usage,2016-02-19,01:00:00 AM,01:59:00 AM,0.55,kWh,
Electric usage,2016-02-19,02:00:00 AM,02:59:00 AM,0.51,kWh,
Electric usage,2016-02-19,03:00:00 AM,03:59:00 AM,0.6,kWh,
Electric usage,2016-02-19,04:00:00 AM,04:59:00 AM,0.68,kWh,
Electric usage,2016-02-19,05:00:00 AM,05:59:00 AM,0.99,kWh,
Electric usage,2016-02-19,06:00:00 AM,06:59:00 AM,0.84,kWh,
Electric usage,2016-02-19,07:00:00 AM,07:59:00 AM,0.6,kWh,
Electric usage,2016-02-19,08:00:00 AM,08:59:00 AM,0.29,kWh,
Electric usage,2016-02-19,09:00:00 AM,09:59:00 AM,0.18,kWh,
Electric usage,2016-02-19,10:00:00 AM,10:59:00 AM,0.14,kWh,
Electric usage,2016-02-19,11:00:00 AM,11:59:00 AM,-0.05,kWh,
Electric usage,2016-02-19,12:00:00 PM,12:59:00 PM,0.19,kWh,
Electric usage,2016-02-19,01:00:00 PM,01:59:00 PM,-0.02,kWh,
Electric usage,2016-02-19,02:00:00 PM,02:59:00 PM,-0.81,kWh,
Electric usage,2016-02-19,03:00:00 PM,03:59:00 PM,-0.58,kWh,
Electric usage,2016-02-19,04:00:00 PM,04:59:00 PM,0.43,kWh,
Electric usage,2016-02-19,05:00:00 PM,05:59:00 PM,1.57,kWh,
Electric usage,2016-02-19,06:00:00 PM,06:59:00 PM,0.99,kWh,
Electric usage,2016-02-19,07:00:00 PM,07:59:00 PM,1.05,kWh,
Electric usage,2016-02-19,08:00:00 PM,08:59:00 PM,1.06,kWh,
Electric usage,2016-02-19,09:00:00 PM,09:59:00 PM,1.09,kWh,
Electric usage,2016-02-19,10:00:00 PM,10:59:00 PM,1.04,kWh,
Electric usage,2016-02-19,11:00:00 PM,11:59:00 PM,0.91,kWh,
Electric usage,2016-02-20,12:00:00 AM,12:59:00 AM,0.52,kWh,
Electric usage,2016-02-20,01:00:00 AM,01:59:00 AM,0.54,kWh,
Electric usage,2016-02-20,02:00:00 AM,02:59:00 AM,0.53,kWh,
Electric usage,2016-02-20,03:00:00 AM,03:59:00 AM,0.73,kWh,
Electric usage,2016-02-20,04:00:00 AM,04:59:00 AM,0.7,kWh,
Electric usage,2016-02-20,05:00:00 AM,05:59:00 AM,0.63,kWh,
Electric usage,2016-02-20,06:00:00 AM,06:59:00 AM,0.54,kWh,
Electric usage,2016-02-20,07:00:00 AM,07:59:00 AM,0.43,kWh,
Electric usage,2016-02-20,08:00:00 AM,08:59:00 AM,0.3,kWh,
Electric usage,2016-02-20,09:00:00 AM,09:59:00 AM,-0.72,kWh,
Electric usage,2016-02-20,10:00:00 AM,10:59:00 AM,-2.71,kWh,
Electric usage,2016-02-20,11:00:00 AM,11:59:00 AM,-3.26,kWh,
Electric usage,2016-02-20,12:00:00 PM,12:59:00 PM,-1.69,kWh,
Electric usage,2016-02-20,01:00:00 PM,01:59:00 PM,-2.09,kWh,
Electric usage,2016-02-20,02:00:00 PM,02:59:00 PM,-2.54,kWh,
Electric usage,2016-02-20,03:00:00 PM,03:59:00 PM,-0.99,kWh,
Electric usage,2016-02-20,04:00:00 PM,04:59:00 PM,0.95,kWh,
Electric usage,2016-02-20,05:00:00 PM,05:59:00 PM,1.18,kWh,
Electric usage,2016-02-20,06:00:00 PM,06:59:00 PM,1.52,kWh,
Electric usage,2016-02-20,07:00:00 PM,07:59:00 PM,2.32,kWh,
Electric usage,2016-02-20,08:00:00 PM,08:59:00 PM,1.43,kWh,
Electric usage,2016-02-20,09:00:00 PM,09:59:00 PM,1.16,kWh,
Electric usage,2016-02-20,10:00:00 PM,10:59:00 PM,1.03,kWh,
Electric usage,2016-02-20,11:00:00 PM,11:59:00 PM,0.64,kWh,
Electric usage,2016-02-21,12:00:00 AM,12:59:00 AM,0.67,kWh,
Electric usage,2016-02-21,01:00:00 AM,01:59:00 AM,0.67,kWh,
Electric usage,2016-02-21,02:00:00 AM,02:59:00 AM,0.62,kWh,
Electric usage,2016-02-21,03:00:00 AM,03:59:00 AM,0.6,kWh,
Electric usage,2016-02-21,04:00:00 AM,04:59:00 AM,0.62,kWh,
Electric usage,2016-02-21,05:00:00 AM,05:59:00 AM,0.87,kWh,
Electric usage,2016-02-21,06:00:00 AM,06:59:00 AM,1.39,kWh,
Electric usage,2016-02-21,07:00:00 AM,07:59:00 AM,1.94,kWh,
Electric usage,2016-02-21,08:00:00 AM,08:59:00 AM,1.54,kWh,
Electric usage,2016-02-21,09:00:00 AM,09:59:00 AM,-0.62,kWh,
Electric usage,2016-02-21,10:00:00 AM,10:59:00 AM,-2.51,kWh,
Electric usage,2016-02-21,11:00:00 AM,11:59:00 AM,-4.28,kWh,
Electric usage,2016-02-21,12:00:00 PM,12:59:00 PM,-4.17,kWh,
Electric usage,2016-02-21,01:00:00 PM,01:59:00 PM,-3.43,kWh,
Electric usage,2016-02-21,02:00:00 PM,02:59:00 PM,-2.24,kWh,
Electric usage,2016-02-21,03:00:00 PM,03:59:00 PM,-0.84,kWh,
Electric usage,2016-02-21,04:00:00 PM,04:59:00 PM,0.71,kWh,
Electric usage,2016-02-21,05:00:00 PM,05:59:00 PM,1.13,kWh,
Electric usage,2016-02-21,06:00:00 PM,06:59:00 PM,1.04,kWh,
Electric usage,2016-02-21,07:00:00 PM,07:59:00 PM,0.98,kWh,
Electric usage,2016-02-21,08:00:00 PM,08:59:00 PM,0.91,kWh,
Electric usage,2016-02-21,09:00:00 PM,09:59:00 PM,1.09,kWh,
Electric usage,2016-02-21,10:00:00 PM,10:59:00 PM,1.02,kWh,
Electric usage,2016-02-21,11:00:00 PM,11:59:00 PM,0.77,kWh,
Electric usage,2016-02-22,12:00:00 AM,12:59:00 AM,0.61,kWh,
Electric usage,2016-02-22,01:00:00 AM,01:59:00 AM,0.57,kWh,
Electric usage,2016-02-22,02:00:00 AM,02:59:00 AM,0.53,kWh,
Electric usage,2016-02-22,03:00:00 AM,03:59:00 AM,0.58,kWh,
Electric usage,2016-02-22,04:00:00 AM,04:59:00 AM,0.65,kWh,
Electric usage,2016-02-22,05:00:00 AM,05:59:00 AM,0.93,kWh,
Electric usage,2016-02-22,06:00:00 AM,06:59:00 AM,0.82,kWh,
Electric usage,2016-02-22,07:00:00 AM,07:59:00 AM,0.68,kWh,
Electric usage,2016-02-22,08:00:00 AM,08:59:00 AM,0.78,kWh,
Electric usage,2016-02-22,09:00:00 AM,09:59:00 AM,-1.35,kWh,
Electric usage,2016-02-22,10:00:00 AM,10:59:00 AM,-3.4,kWh,
Electric usage,2016-02-22,11:00:00 AM,11:59:00 AM,-4.47,kWh,
Electric usage,2016-02-22,12:00:00 PM,12:59:00 PM,-4.61,kWh,
Electric usage,2016-02-22,01:00:00 PM,01:59:00 PM,-4.13,kWh,
Electric usage,2016-02-22,02:00:00 PM,02:59:00 PM,-2.7,kWh,
Electric usage,2016-02-22,03:00:00 PM,03:59:00 PM,-1,kWh,
Electric usage,2016-02-22,04:00:00 PM,04:59:00 PM,0.46,kWh,
Electric usage,2016-02-22,05:00:00 PM,05:59:00 PM,1.07,kWh,
Electric usage,2016-02-22,06:00:00 PM,06:59:00 PM,1.05,kWh,
Electric usage,2016-02-22,07:00:00 PM,07:59:00 PM,1.84,kWh,
Electric usage,2016-02-22,08:00:00 PM,08:59:00 PM,1.76,kWh,
Electric usage,2016-02-22,09:00:00 PM,09:59:00 PM,0.98,kWh,
Electric usage,2016-02-22,10:00:00 PM,10:59:00 PM,1.11,kWh,
Electric usage,2016-02-22,11:00:00 PM,11:59:00 PM,0.75,kWh,
Electric usage,2016-02-23,12:00:00 AM,12:59:00 AM,0.7,kWh,
Electric usage,2016-02-23,01:00:00 AM,01:59:00 AM,0.69,kWh,
Electric usage,2016-02-23,02:00:00 AM,02:59:00 AM,0.55,kWh,
Electric usage,2016-02-23,03:00:00 AM,03:59:00 AM,0.54,kWh,
Electric usage,2016-02-23,04:00:00 AM,04:59:00 AM,0.53,kWh,
Electric usage,2016-02-23,05:00:00 AM,05:59:00 AM,0.84,kWh,
Electric usage,2016-02-23,06:00:00 AM,06:59:00 AM,0.96,kWh,
Electric usage,2016-02-23,07:00:00 AM,07:59:00 AM,0.79,kWh,
Electric usage,2016-02-23,08:00:00 AM,08:59:00 AM,0.43,kWh,
Electric usage,2016-02-23,09:00:00 AM,09:59:00 AM,-1.48,kWh,
Electric usage,2016-02-23,10:00:00 AM,10:59:00 AM,-3.23,kWh,
Electric usage,2016-02-23,11:00:00 AM,11:59:00 AM,-4.49,kWh,
Electric usage,2016-02-23,12:00:00 PM,12:59:00 PM,-4.67,kWh,
Electric usage,2016-02-23,01:00:00 PM,01:59:00 PM,-4.34,kWh,
Electric usage,2016-02-23,02:00:00 PM,02:59:00 PM,-3.15,kWh,
Electric usage,2016-02-23,03:00:00 PM,03:59:00 PM,-1.25,kWh,
Electric usage,2016-02-23,04:00:00 PM,04:59:00 PM,0.25,kWh,
Electric usage,2016-02-23,05:00:00 PM,05:59:00 PM,0.84,kWh,
Electric usage,2016-02-23,06:00:00 PM,06:59:00 PM,0.94,kWh,
Electric usage,2016-02-23,07:00:00 PM,07:59:00 PM,0.96,kWh,
Electric usage,2016-02-23,08:00:00 PM,08:59:00 PM,0.97,kWh,
Electric usage,2016-02-23,09:00:00 PM,09:59:00 PM,1.29,kWh,
Electric usage,2016-02-23,10:00:00 PM,10:59:00 PM,1.05,kWh,
Electric usage,2016-02-23,11:00:00 PM,11:59:00 PM,0.95,kWh,
Electric usage,2016-02-24,12:00:00 AM,12:59:00 AM,1.13,kWh,
Electric usage,2016-02-24,01:00:00 AM,01:59:00 AM,0.77,kWh,
Electric usage,2016-02-24,02:00:00 AM,02:59:00 AM,0.62,kWh,
Electric usage,2016-02-24,03:00:00 AM,03:59:00 AM,0.61,kWh,
Electric usage,2016-02-24,04:00:00 AM,04:59:00 AM,0.56,kWh,
Electric usage,2016-02-24,05:00:00 AM,05:59:00 AM,0.79,kWh,
Electric usage,2016-02-24,06:00:00 AM,06:59:00 AM,0.84,kWh,
Electric usage,2016-02-24,07:00:00 AM,07:59:00 AM,0.89,kWh,
Electric usage,2016-02-24,08:00:00 AM,08:59:00 AM,1.42,kWh,
Electric usage,2016-02-24,09:00:00 AM,09:59:00 AM,-0.53,kWh,
Electric usage,2016-02-24,10:00:00 AM,10:59:00 AM,-2.68,kWh,
Electric usage,2016-02-24,11:00:00 AM,11:59:00 AM,-4.42,kWh,
Electric usage,2016-02-24,12:00:00 PM,12:59:00 PM,-4.46,kWh,
Electric usage,2016-02-24,01:00:00 PM,01:59:00 PM,-4.08,kWh,
Electric usage,2016-02-24,02:00:00 PM,02:59:00 PM,-3.03,kWh,
Electric usage,2016-02-24,03:00:00 PM,03:59:00 PM,-1.26,kWh,
Electric usage,2016-02-24,04:00:00 PM,04:59:00 PM,0.42,kWh,
Electric usage,2016-02-24,05:00:00 PM,05:59:00 PM,0.85,kWh,
Electric usage,2016-02-24,06:00:00 PM,06:59:00 PM,0.93,kWh,
Electric usage,2016-02-24,07:00:00 PM,07:59:00 PM,0.72,kWh,
Electric usage,2016-02-24,08:00:00 PM,08:59:00 PM,0.69,kWh,
Electric usage,2016-02-24,09:00:00 PM,09:59:00 PM,0.91,kWh,
Electric usage,2016-02-24,10:00:00 PM,10:59:00 PM,1,kWh,
Electric usage,2016-02-24,11:00:00 PM,11:59:00 PM,0.97,kWh,
Electric usage,2016-02-25,12:00:00 AM,12:59:00 AM,0.66,kWh,
Electric usage,2016-02-25,01:00:00 AM,01:59:00 AM,0.55,kWh,
Electric usage,2016-02-25,02:00:00 AM,02:59:00 AM,0.52,kWh,
Electric usage,2016-02-25,03:00:00 AM,03:59:00 AM,0.52,kWh,
Electric usage,2016-02-25,04:00:00 AM,04:59:00 AM,0.62,kWh,
Electric usage,2016-02-25,05:00:00 AM,05:59:00 AM,0.87,kWh,
Electric usage,2016-02-25,06:00:00 AM,06:59:00 AM,0.74,kWh,
Electric usage,2016-02-25,07:00:00 AM,07:59:00 AM,0.6,kWh,
Electric usage,2016-02-25,08:00:00 AM,08:59:00 AM,0.53,kWh,
Electric usage,2016-02-25,09:00:00 AM,09:59:00 AM,-1.55,kWh,
Electric usage,2016-02-25,10:00:00 AM,10:59:00 AM,-3.41,kWh,
Electric usage,2016-02-25,11:00:00 AM,11:59:00 AM,-3.7,kWh,
Electric usage,2016-02-25,12:00:00 PM,12:59:00 PM,-4,kWh,
Electric usage,2016-02-25,01:00:00 PM,01:59:00 PM,-3.64,kWh,
Electric usage,2016-02-25,02:00:00 PM,02:59:00 PM,-3.15,kWh,
Electric usage,2016-02-25,03:00:00 PM,03:59:00 PM,-1.45,kWh,
Electric usage,2016-02-25,04:00:00 PM,04:59:00 PM,0.11,kWh,
Electric usage,2016-02-25,05:00:00 PM,05:59:00 PM,0.72,kWh,
Electric usage,2016-02-25,06:00:00 PM,06:59:00 PM,0.87,kWh,
Electric usage,2016-02-25,07:00:00 PM,07:59:00 PM,1,kWh,
Electric usage,2016-02-25,08:00:00 PM,08:59:00 PM,0.96,kWh,
Electric usage,2016-02-25,09:00:00 PM,09:59:00 PM,0.95,kWh,
Electric usage,2016-02-25,10:00:00 PM,10:59:00 PM,0.79,kWh,
Electric usage,2016-02-25,11:00:00 PM,11:59:00 PM,0.78,kWh,
Electric usage,2016-02-26,12:00:00 AM,12:59:00 AM,0.8,kWh,
Electric usage,2016-02-26,01:00:00 AM,01:59:00 AM,0.7,kWh,
Electric usage,2016-02-26,02:00:00 AM,02:59:00 AM,0.67,kWh,
Electric usage,2016-02-26,03:00:00 AM,03:59:00 AM,0.54,kWh,
Electric usage,2016-02-26,04:00:00 AM,04:59:00 AM,0.51,kWh,
Electric usage,2016-02-26,05:00:00 AM,05:59:00 AM,0.86,kWh,
Electric usage,2016-02-26,06:00:00 AM,06:59:00 AM,0.81,kWh,
Electric usage,2016-02-26,07:00:00 AM,07:59:00 AM,0.55,kWh,
Electric usage,2016-02-26,08:00:00 AM,08:59:00 AM,0.11,kWh,
Electric usage,2016-02-26,09:00:00 AM,09:59:00 AM,-1.22,kWh,
Electric usage,2016-02-26,10:00:00 AM,10:59:00 AM,-2.5,kWh,
Electric usage,2016-02-26,11:00:00 AM,11:59:00 AM,-3.34,kWh,
Electric usage,2016-02-26,12:00:00 PM,12:59:00 PM,-3.93,kWh,
Electric usage,2016-02-26,01:00:00 PM,01:59:00 PM,-3.66,kWh,
Electric usage,2016-02-26,02:00:00 PM,02:59:00 PM,-3.47,kWh,
Electric usage,2016-02-26,03:00:00 PM,03:59:00 PM,-1.58,kWh,
Electric usage,2016-02-26,04:00:00 PM,04:59:00 PM,0.26,kWh,
Electric usage,2016-02-26,05:00:00 PM,05:59:00 PM,0.97,kWh,
Electric usage,2016-02-26,06:00:00 PM,06:59:00 PM,1.14,kWh,
Electric usage,2016-02-26,07:00:00 PM,07:59:00 PM,1.03,kWh,
Electric usage,2016-02-26,08:00:00 PM,08:59:00 PM,0.88,kWh,
Electric usage,2016-02-26,09:00:00 PM,09:59:00 PM,0.96,kWh,
Electric usage,2016-02-26,10:00:00 PM,10:59:00 PM,1.04,kWh,
Electric usage,2016-02-26,11:00:00 PM,11:59:00 PM,0.82,kWh,
Electric usage,2016-02-27,12:00:00 AM,12:59:00 AM,0.63,kWh,
Electric usage,2016-02-27,01:00:00 AM,01:59:00 AM,0.61,kWh,
Electric usage,2016-02-27,02:00:00 AM,02:59:00 AM,0.53,kWh,
Electric usage,2016-02-27,03:00:00 AM,03:59:00 AM,0.59,kWh,
Electric usage,2016-02-27,04:00:00 AM,04:59:00 AM,0.61,kWh,
Electric usage,2016-02-27,05:00:00 AM,05:59:00 AM,0.67,kWh,
Electric usage,2016-02-27,06:00:00 AM,06:59:00 AM,0.63,kWh,
Electric usage,2016-02-27,07:00:00 AM,07:59:00 AM,0.68,kWh,
Electric usage,2016-02-27,08:00:00 AM,08:59:00 AM,0.74,kWh,
Electric usage,2016-02-27,09:00:00 AM,09:59:00 AM,-1.83,kWh,
Electric usage,2016-02-27,10:00:00 AM,10:59:00 AM,-2.82,kWh,
Electric usage,2016-02-27,11:00:00 AM,11:59:00 AM,-3,kWh,
Electric usage,2016-02-27,12:00:00 PM,12:59:00 PM,-3,kWh,
Electric usage,2016-02-27,01:00:00 PM,01:59:00 PM,-2.33,kWh,
Electric usage,2016-02-27,02:00:00 PM,02:59:00 PM,-1.24,kWh,
Electric usage,2016-02-27,03:00:00 PM,03:59:00 PM,-0.51,kWh,
Electric usage,2016-02-27,04:00:00 PM,04:59:00 PM,0.45,kWh,
Electric usage,2016-02-27,05:00:00 PM,05:59:00 PM,0.8,kWh,
Electric usage,2016-02-27,06:00:00 PM,06:59:00 PM,0.9,kWh,
Electric usage,2016-02-27,07:00:00 PM,07:59:00 PM,0.97,kWh,
Electric usage,2016-02-27,08:00:00 PM,08:59:00 PM,1.03,kWh,
Electric usage,2016-02-27,09:00:00 PM,09:59:00 PM,1,kWh,
Electric usage,2016-02-27,10:00:00 PM,10:59:00 PM,1.37,kWh,
Electric usage,2016-02-27,11:00:00 PM,11:59:00 PM,1.13,kWh,
Electric usage,2016-02-28,12:00:00 AM,12:59:00 AM,0.8,kWh,
Electric usage,2016-02-28,01:00:00 AM,01:59:00 AM,0.69,kWh,
Electric usage,2016-02-28,02:00:00 AM,02:59:00 AM,0.69,kWh,
Electric usage,2016-02-28,03:00:00 AM,03:59:00 AM,0.69,kWh,
Electric usage,2016-02-28,04:00:00 AM,04:59:00 AM,0.5,kWh,
Electric usage,2016-02-28,05:00:00 AM,05:59:00 AM,0.53,kWh,
Electric usage,2016-02-28,06:00:00 AM,06:59:00 AM,0.58,kWh,
Electric usage,2016-02-28,07:00:00 AM,07:59:00 AM,0.84,kWh,
Electric usage,2016-02-28,08:00:00 AM,08:59:00 AM,0.24,kWh,
Electric usage,2016-02-28,09:00:00 AM,09:59:00 AM,-0.89,kWh,
Electric usage,2016-02-28,10:00:00 AM,10:59:00 AM,-1.39,kWh,
Electric usage,2016-02-28,11:00:00 AM,11:59:00 AM,-1.45,kWh,
Electric usage,2016-02-28,12:00:00 PM,12:59:00 PM,-0.92,kWh,
Electric usage,2016-02-28,01:00:00 PM,01:59:00 PM,-2.28,kWh,
Electric usage,2016-02-28,02:00:00 PM,02:59:00 PM,-2.54,kWh,
Electric usage,2016-02-28,03:00:00 PM,03:59:00 PM,-0.7,kWh,
Electric usage,2016-02-28,04:00:00 PM,04:59:00 PM,0.2,kWh,
Electric usage,2016-02-28,05:00:00 PM,05:59:00 PM,0.82,kWh,
Electric usage,2016-02-28,06:00:00 PM,06:59:00 PM,1.05,kWh,
Electric usage,2016-02-28,07:00:00 PM,07:59:00 PM,1.02,kWh,
Electric usage,2016-02-28,08:00:00 PM,08:59:00 PM,1,kWh,
Electric usage,2016-02-28,09:00:00 PM,09:59:00 PM,0.92,kWh,
Electric usage,2016-02-28,10:00:00 PM,10:59:00 PM,0.92,kWh,
Electric usage,2016-02-28,11:00:00 PM,11:59:00 PM,0.64,kWh,
